file,has_covid,dcm_file
../data/COVID-CT-master/Images-processed/CT_COVID/2020.03.01.20029769-p21-73_1%1.png,1,../data/dicom_ct/covid/covidchest_0.dcm
../data/COVID-CT-master/Images-processed/CT_COVID/Recurrence-of-positive-SARS-CoV-2-RNA-in-C_2020_International-Journal-of-Inf-p1-21%1.png,1,../data/dicom_ct/covid/covidchest_1.dcm
../data/COVID-CT-master/Images-processed/CT_COVID/2020.03.12.20034686-p17-91-4.png,1,../data/dicom_ct/covid/covidchest_2.dcm
../data/COVID-CT-master/Images-processed/CT_COVID/2020.02.25.20021568-p24-111%8.png,1,../data/dicom_ct/covid/covidchest_3.dcm
../data/COVID-CT-master/Images-processed/CT_COVID/2020.03.13.20035212-p23-153.png,1,../data/dicom_ct/covid/covidchest_4.dcm
../data/COVID-CT-master/Images-processed/CT_COVID/2020.03.21.20040691-p18-6-6.png,1,../data/dicom_ct/covid/covidchest_5.dcm
../data/COVID-CT-master/Images-processed/CT_COVID/2020.03.04.20030395-p27-108%7.png,1,../data/dicom_ct/covid/covidchest_6.dcm
../data/COVID-CT-master/Images-processed/CT_COVID/2020.02.22.20024927-p19-68%3.png,1,../data/dicom_ct/covid/covidchest_7.dcm
../data/COVID-CT-master/Images-processed/CT_COVID/2020.03.07.20031393-p7-50%2.png,1,../data/dicom_ct/covid/covidchest_8.dcm
../data/COVID-CT-master/Images-processed/CT_COVID/2020.03.09.20033118-p20-93%0.png,1,../data/dicom_ct/covid/covidchest_9.dcm
../data/COVID-CT-master/Images-processed/CT_COVID/2020.03.09.20033118-p20-93%1.png,1,../data/dicom_ct/covid/covidchest_10.dcm
../data/COVID-CT-master/Images-processed/CT_COVID/2020.03.07.20031393-p7-50%3.png,1,../data/dicom_ct/covid/covidchest_11.dcm
../data/COVID-CT-master/Images-processed/CT_COVID/2020.02.22.20024927-p19-68%2.png,1,../data/dicom_ct/covid/covidchest_12.dcm
../data/COVID-CT-master/Images-processed/CT_COVID/2020.03.04.20030395-p27-108%6.png,1,../data/dicom_ct/covid/covidchest_13.dcm
../data/COVID-CT-master/Images-processed/CT_COVID/2020.03.13.20035212-p23-152.png,1,../data/dicom_ct/covid/covidchest_14.dcm
../data/COVID-CT-master/Images-processed/CT_COVID/2020.03.22.20034041-p18-92-1.png,1,../data/dicom_ct/covid/covidchest_15.dcm
../data/COVID-CT-master/Images-processed/CT_COVID/2020.02.25.20021568-p24-111%9.png,1,../data/dicom_ct/covid/covidchest_16.dcm
../data/COVID-CT-master/Images-processed/CT_COVID/2020.03.12.20034686-p17-91-5.png,1,../data/dicom_ct/covid/covidchest_17.dcm
../data/COVID-CT-master/Images-processed/CT_COVID/Recurrence-of-positive-SARS-CoV-2-RNA-in-C_2020_International-Journal-of-Inf-p1-21%0.png,1,../data/dicom_ct/covid/covidchest_18.dcm
../data/COVID-CT-master/Images-processed/CT_COVID/2020.03.01.20029769-p21-73_1%0.png,1,../data/dicom_ct/covid/covidchest_19.dcm
../data/COVID-CT-master/Images-processed/CT_COVID/2020.03.01.20029769-p21-73_1%2.png,1,../data/dicom_ct/covid/covidchest_20.dcm
../data/COVID-CT-master/Images-processed/CT_COVID/2020.02.26.20027938-p6-80_2%0.png,1,../data/dicom_ct/covid/covidchest_21.dcm
../data/COVID-CT-master/Images-processed/CT_COVID/2020.03.22.20034041-p18-92-3.png,1,../data/dicom_ct/covid/covidchest_22.dcm
../data/COVID-CT-master/Images-processed/CT_COVID/2020.02.17.20024018-p17-61%4.png,1,../data/dicom_ct/covid/covidchest_23.dcm
../data/COVID-CT-master/Images-processed/CT_COVID/2020.03.04.20030395-p27-108%4.png,1,../data/dicom_ct/covid/covidchest_24.dcm
../data/COVID-CT-master/Images-processed/CT_COVID/2020.02.22.20024927-p19-68%0.png,1,../data/dicom_ct/covid/covidchest_25.dcm
../data/COVID-CT-master/Images-processed/CT_COVID/2020.03.09.20033118-p20-93%3.png,1,../data/dicom_ct/covid/covidchest_26.dcm
../data/COVID-CT-master/Images-processed/CT_COVID/2020.03.07.20031393-p7-50%1.png,1,../data/dicom_ct/covid/covidchest_27.dcm
../data/COVID-CT-master/Images-processed/CT_COVID/2020.03.07.20031393-p7-50%0.png,1,../data/dicom_ct/covid/covidchest_28.dcm
../data/COVID-CT-master/Images-processed/CT_COVID/2020.03.09.20033118-p20-93%2.png,1,../data/dicom_ct/covid/covidchest_29.dcm
../data/COVID-CT-master/Images-processed/CT_COVID/2020.02.22.20024927-p19-68%1.png,1,../data/dicom_ct/covid/covidchest_30.dcm
../data/COVID-CT-master/Images-processed/CT_COVID/2020.03.04.20030395-p27-108%5.png,1,../data/dicom_ct/covid/covidchest_31.dcm
../data/COVID-CT-master/Images-processed/CT_COVID/2020.03.22.20034041-p18-92-2.png,1,../data/dicom_ct/covid/covidchest_32.dcm
../data/COVID-CT-master/Images-processed/CT_COVID/2020.03.12.20034686-p17-91-6.png,1,../data/dicom_ct/covid/covidchest_33.dcm
../data/COVID-CT-master/Images-processed/CT_COVID/2020.02.26.20027938-p6-80_2%1.png,1,../data/dicom_ct/covid/covidchest_34.dcm
../data/COVID-CT-master/Images-processed/CT_COVID/2020.02.22.20024927-p20-70%0.png,1,../data/dicom_ct/covid/covidchest_35.dcm
../data/COVID-CT-master/Images-processed/CT_COVID/2020.03.12.20027185-p8-217.png,1,../data/dicom_ct/covid/covidchest_36.dcm
../data/COVID-CT-master/Images-processed/CT_COVID/2020.02.10.20021584-p6-52%9.png,1,../data/dicom_ct/covid/covidchest_37.dcm
../data/COVID-CT-master/Images-processed/CT_COVID/2020.03.12.20034686-p17-91-2.png,1,../data/dicom_ct/covid/covidchest_38.dcm
../data/COVID-CT-master/Images-processed/CT_COVID/2020.03.26.20041426-p11-128.png,1,../data/dicom_ct/covid/covidchest_39.dcm
../data/COVID-CT-master/Images-processed/CT_COVID/2020.03.19.20038539-p10-57.png,1,../data/dicom_ct/covid/covidchest_40.dcm
../data/COVID-CT-master/Images-processed/CT_COVID/2020.02.17.20024018-p17-61%1.png,1,../data/dicom_ct/covid/covidchest_41.dcm
../data/COVID-CT-master/Images-processed/CT_COVID/2020.03.04.20030395-p27-108%1.png,1,../data/dicom_ct/covid/covidchest_42.dcm
../data/COVID-CT-master/Images-processed/CT_COVID/2020.03.13.20035212-p23-155.png,1,../data/dicom_ct/covid/covidchest_43.dcm
../data/COVID-CT-master/Images-processed/CT_COVID/kjr-21-e24-p5-31.png,1,../data/dicom_ct/covid/covidchest_44.dcm
../data/COVID-CT-master/Images-processed/CT_COVID/2020.02.22.20024927-p19-68%5.png,1,../data/dicom_ct/covid/covidchest_45.dcm
../data/COVID-CT-master/Images-processed/CT_COVID/2020.02.22.20024927-p19-68%4.png,1,../data/dicom_ct/covid/covidchest_46.dcm
../data/COVID-CT-master/Images-processed/CT_COVID/2020.03.13.20035212-p23-154.png,1,../data/dicom_ct/covid/covidchest_47.dcm
../data/COVID-CT-master/Images-processed/CT_COVID/2020.03.04.20030395-p27-108%0.png,1,../data/dicom_ct/covid/covidchest_48.dcm
../data/COVID-CT-master/Images-processed/CT_COVID/2020.02.17.20024018-p17-61%0.png,1,../data/dicom_ct/covid/covidchest_49.dcm
../data/COVID-CT-master/Images-processed/CT_COVID/2020.03.12.20034686-p17-91-3.png,1,../data/dicom_ct/covid/covidchest_50.dcm
../data/COVID-CT-master/Images-processed/CT_COVID/2020.02.10.20021584-p6-52%8.png,1,../data/dicom_ct/covid/covidchest_51.dcm
../data/COVID-CT-master/Images-processed/CT_COVID/2020.03.12.20027185-p8-216.png,1,../data/dicom_ct/covid/covidchest_52.dcm
../data/COVID-CT-master/Images-processed/CT_COVID/2020.02.22.20024927-p20-70%1.png,1,../data/dicom_ct/covid/covidchest_53.dcm
../data/COVID-CT-master/Images-processed/CT_COVID/2020.02.22.20024927-p20-70%3.png,1,../data/dicom_ct/covid/covidchest_54.dcm
../data/COVID-CT-master/Images-processed/CT_COVID/2020.03.12.20034686-p17-91-1.png,1,../data/dicom_ct/covid/covidchest_55.dcm
../data/COVID-CT-master/Images-processed/CT_COVID/2020.02.17.20024018-p17-61%2.png,1,../data/dicom_ct/covid/covidchest_56.dcm
../data/COVID-CT-master/Images-processed/CT_COVID/2020.02.26.20026989-p34-114_1%0.png,1,../data/dicom_ct/covid/covidchest_57.dcm
../data/COVID-CT-master/Images-processed/CT_COVID/2020.03.04.20030395-p27-108%2.png,1,../data/dicom_ct/covid/covidchest_58.dcm
../data/COVID-CT-master/Images-processed/CT_COVID/2020.03.13.20035212-p23-156.png,1,../data/dicom_ct/covid/covidchest_59.dcm
../data/COVID-CT-master/Images-processed/CT_COVID/2020.03.13.20035212-p23-157.png,1,../data/dicom_ct/covid/covidchest_60.dcm
../data/COVID-CT-master/Images-processed/CT_COVID/2020.03.04.20030395-p27-108%3.png,1,../data/dicom_ct/covid/covidchest_61.dcm
../data/COVID-CT-master/Images-processed/CT_COVID/2020.02.26.20026989-p34-114_1%1.png,1,../data/dicom_ct/covid/covidchest_62.dcm
../data/COVID-CT-master/Images-processed/CT_COVID/2020.02.17.20024018-p17-61%3.png,1,../data/dicom_ct/covid/covidchest_63.dcm
../data/COVID-CT-master/Images-processed/CT_COVID/2020.02.22.20024927-p20-70%2.png,1,../data/dicom_ct/covid/covidchest_64.dcm
../data/COVID-CT-master/Images-processed/CT_COVID/2020.03.16.20036145-p19-128-3.png,1,../data/dicom_ct/covid/covidchest_65.dcm
../data/COVID-CT-master/Images-processed/CT_COVID/2020.03.25.20037721-p27-174.png,1,../data/dicom_ct/covid/covidchest_66.dcm
../data/COVID-CT-master/Images-processed/CT_COVID/Comparison-of-different-samples-for-2019-novel-cor_2020_International-Journa-p2-21%8.png,1,../data/dicom_ct/covid/covidchest_67.dcm
../data/COVID-CT-master/Images-processed/CT_COVID/PIIS0140673620303603%4.png,1,../data/dicom_ct/covid/covidchest_68.dcm
../data/COVID-CT-master/Images-processed/CT_COVID/2020.03.25.20043166-p17-81.png,1,../data/dicom_ct/covid/covidchest_69.dcm
../data/COVID-CT-master/Images-processed/CT_COVID/2020.02.11.20021493-p16-109%1.png,1,../data/dicom_ct/covid/covidchest_70.dcm
../data/COVID-CT-master/Images-processed/CT_COVID/2020.03.01.20029769-p21-73_2%0.png,1,../data/dicom_ct/covid/covidchest_71.dcm
../data/COVID-CT-master/Images-processed/CT_COVID/2020.02.19.20025023-p20-93%2.png,1,../data/dicom_ct/covid/covidchest_72.dcm
../data/COVID-CT-master/Images-processed/CT_COVID/2020.02.24.20027052-p8-73%2.png,1,../data/dicom_ct/covid/covidchest_73.dcm
../data/COVID-CT-master/Images-processed/CT_COVID/2020.03.21.20040691-p18-67-7.png,1,../data/dicom_ct/covid/covidchest_74.dcm
../data/COVID-CT-master/Images-processed/CT_COVID/2020.02.26.20027938-p6-80_3%0.png,1,../data/dicom_ct/covid/covidchest_75.dcm
../data/COVID-CT-master/Images-processed/CT_COVID/2020.03.18.20038125-p16-56-6.png,1,../data/dicom_ct/covid/covidchest_76.dcm
../data/COVID-CT-master/Images-processed/CT_COVID/2020.02.24.20027201-p19-669.png,1,../data/dicom_ct/covid/covidchest_77.dcm
../data/COVID-CT-master/Images-processed/CT_COVID/2020.02.26.20027938-p6-80_3%1.png,1,../data/dicom_ct/covid/covidchest_78.dcm
../data/COVID-CT-master/Images-processed/CT_COVID/2020.03.22.20040782-p24-1533-1.png,1,../data/dicom_ct/covid/covidchest_79.dcm
../data/COVID-CT-master/Images-processed/CT_COVID/2020.02.24.20027052-p8-73%3.png,1,../data/dicom_ct/covid/covidchest_80.dcm
../data/COVID-CT-master/Images-processed/CT_COVID/2020.02.19.20025023-p20-93%3.png,1,../data/dicom_ct/covid/covidchest_81.dcm
../data/COVID-CT-master/Images-processed/CT_COVID/2020.03.01.20029769-p21-73_2%1.png,1,../data/dicom_ct/covid/covidchest_82.dcm
../data/COVID-CT-master/Images-processed/CT_COVID/2020.02.11.20021493-p16-109%0.png,1,../data/dicom_ct/covid/covidchest_83.dcm
../data/COVID-CT-master/Images-processed/CT_COVID/2020.03.25.20043166-p17-80.png,1,../data/dicom_ct/covid/covidchest_84.dcm
../data/COVID-CT-master/Images-processed/CT_COVID/PIIS0140673620303603%5.png,1,../data/dicom_ct/covid/covidchest_85.dcm
../data/COVID-CT-master/Images-processed/CT_COVID/Comparison-of-different-samples-for-2019-novel-cor_2020_International-Journa-p2-21%9.png,1,../data/dicom_ct/covid/covidchest_86.dcm
../data/COVID-CT-master/Images-processed/CT_COVID/2020.03.22.20034041-p17-80-1.png,1,../data/dicom_ct/covid/covidchest_87.dcm
../data/COVID-CT-master/Images-processed/CT_COVID/2020.03.16.20036145-p19-128-2.png,1,../data/dicom_ct/covid/covidchest_88.dcm
../data/COVID-CT-master/Images-processed/CT_COVID/2020.03.01.20029769-p21-73_4.png,1,../data/dicom_ct/covid/covidchest_89.dcm
../data/COVID-CT-master/Images-processed/CT_COVID/PIIS0140673620303603%7.png,1,../data/dicom_ct/covid/covidchest_90.dcm
../data/COVID-CT-master/Images-processed/CT_COVID/2020.02.11.20021493-p16-109%2.png,1,../data/dicom_ct/covid/covidchest_91.dcm
../data/COVID-CT-master/Images-processed/CT_COVID/2020.02.26.20027938-p6-80_1%1.png,1,../data/dicom_ct/covid/covidchest_92.dcm
../data/COVID-CT-master/Images-processed/CT_COVID/2020.02.24.20027052-p8-73%1.png,1,../data/dicom_ct/covid/covidchest_93.dcm
../data/COVID-CT-master/Images-processed/CT_COVID/2020.02.19.20025023-p20-93%1.png,1,../data/dicom_ct/covid/covidchest_94.dcm
../data/COVID-CT-master/Images-processed/CT_COVID/2020.03.21.20040691-p18-67-4.png,1,../data/dicom_ct/covid/covidchest_95.dcm
../data/COVID-CT-master/Images-processed/CT_COVID/2020.03.22.20040782-p24-1533-3.png,1,../data/dicom_ct/covid/covidchest_96.dcm
../data/COVID-CT-master/Images-processed/CT_COVID/2020.03.18.20038125-p16-56-5.png,1,../data/dicom_ct/covid/covidchest_97.dcm
../data/COVID-CT-master/Images-processed/CT_COVID/2020.03.18.20038125-p16-56-4.png,1,../data/dicom_ct/covid/covidchest_98.dcm
../data/COVID-CT-master/Images-processed/CT_COVID/2020.03.22.20040782-p24-1533-2.png,1,../data/dicom_ct/covid/covidchest_99.dcm
../data/COVID-CT-master/Images-processed/CT_COVID/2020.03.21.20040691-p18-67-5.png,1,../data/dicom_ct/covid/covidchest_100.dcm
../data/COVID-CT-master/Images-processed/CT_COVID/2020.02.19.20025023-p20-93%0.png,1,../data/dicom_ct/covid/covidchest_101.dcm
../data/COVID-CT-master/Images-processed/CT_COVID/2020.02.24.20027052-p8-73%0.png,1,../data/dicom_ct/covid/covidchest_102.dcm
../data/COVID-CT-master/Images-processed/CT_COVID/2020.02.26.20027938-p6-80_1%0.png,1,../data/dicom_ct/covid/covidchest_103.dcm
../data/COVID-CT-master/Images-processed/CT_COVID/2020.03.01.20029769-p21-73_2%2.png,1,../data/dicom_ct/covid/covidchest_104.dcm
../data/COVID-CT-master/Images-processed/CT_COVID/med-9780198814924-chapter-17-p10-515.png,1,../data/dicom_ct/covid/covidchest_105.dcm
../data/COVID-CT-master/Images-processed/CT_COVID/PIIS0140673620303603%6.png,1,../data/dicom_ct/covid/covidchest_106.dcm
../data/COVID-CT-master/Images-processed/CT_COVID/2020.03.22.20034041-p17-80-2.png,1,../data/dicom_ct/covid/covidchest_107.dcm
../data/COVID-CT-master/Images-processed/CT_COVID/2020.03.16.20036145-p19-128-1.png,1,../data/dicom_ct/covid/covidchest_108.dcm
../data/COVID-CT-master/Images-processed/CT_COVID/2020.03.03.20030775-p12-93%1.png,1,../data/dicom_ct/covid/covidchest_109.dcm
../data/COVID-CT-master/Images-processed/CT_COVID/2020.03.25.20037721-p27-172.png,1,../data/dicom_ct/covid/covidchest_110.dcm
../data/COVID-CT-master/Images-processed/CT_COVID/2020.03.25.20043166-p17-78.png,1,../data/dicom_ct/covid/covidchest_111.dcm
../data/COVID-CT-master/Images-processed/CT_COVID/PIIS0140673620303603%2.png,1,../data/dicom_ct/covid/covidchest_112.dcm
../data/COVID-CT-master/Images-processed/CT_COVID/2020.03.22.20040782-p24-1533-6.png,1,../data/dicom_ct/covid/covidchest_113.dcm
../data/COVID-CT-master/Images-processed/CT_COVID/2020.02.25.20021568-p23-108%8.png,1,../data/dicom_ct/covid/covidchest_114.dcm
../data/COVID-CT-master/Images-processed/CT_COVID/2020.03.21.20040691-p18-67-1.png,1,../data/dicom_ct/covid/covidchest_115.dcm
../data/COVID-CT-master/Images-processed/CT_COVID/2019-novel-Coronavirus-severe-adult-respiratory-dist_2020_International-Jour-p3-89%1.png,1,../data/dicom_ct/covid/covidchest_116.dcm
../data/COVID-CT-master/Images-processed/CT_COVID/2019-novel-Coronavirus-severe-adult-respiratory-dist_2020_International-Jour-p3-89%0.png,1,../data/dicom_ct/covid/covidchest_117.dcm
../data/COVID-CT-master/Images-processed/CT_COVID/2020.03.18.20038125-p16-56-1.png,1,../data/dicom_ct/covid/covidchest_118.dcm
../data/COVID-CT-master/Images-processed/CT_COVID/2020.03.22.20040782-p24-1533-7.png,1,../data/dicom_ct/covid/covidchest_119.dcm
../data/COVID-CT-master/Images-processed/CT_COVID/2020.02.25.20021568-p23-108%9.png,1,../data/dicom_ct/covid/covidchest_120.dcm
../data/COVID-CT-master/Images-processed/CT_COVID/PIIS0140673620303603%3.png,1,../data/dicom_ct/covid/covidchest_121.dcm
../data/COVID-CT-master/Images-processed/CT_COVID/2020.03.25.20043166-p17-79.png,1,../data/dicom_ct/covid/covidchest_122.dcm
../data/COVID-CT-master/Images-processed/CT_COVID/2020.03.25.20037721-p27-173.png,1,../data/dicom_ct/covid/covidchest_123.dcm
../data/COVID-CT-master/Images-processed/CT_COVID/kjr-21-e25-p1-6.png,1,../data/dicom_ct/covid/covidchest_124.dcm
../data/COVID-CT-master/Images-processed/CT_COVID/2020.03.16.20036145-p19-128-4.png,1,../data/dicom_ct/covid/covidchest_125.dcm
../data/COVID-CT-master/Images-processed/CT_COVID/2020.03.03.20030775-p12-93%0.png,1,../data/dicom_ct/covid/covidchest_126.dcm
../data/COVID-CT-master/Images-processed/CT_COVID/2020.03.25.20037721-p27-165.png,1,../data/dicom_ct/covid/covidchest_127.dcm
../data/COVID-CT-master/Images-processed/CT_COVID/2020.02.26.20026989-p34-114_2%1.png,1,../data/dicom_ct/covid/covidchest_128.dcm
../data/COVID-CT-master/Images-processed/CT_COVID/PIIS0140673620303603%1.png,1,../data/dicom_ct/covid/covidchest_129.dcm
../data/COVID-CT-master/Images-processed/CT_COVID/PIIS0140673620301549_0%1.png,1,../data/dicom_ct/covid/covidchest_130.dcm
../data/COVID-CT-master/Images-processed/CT_COVID/2020.03.22.20040782-p24-1533-5.png,1,../data/dicom_ct/covid/covidchest_131.dcm
../data/COVID-CT-master/Images-processed/CT_COVID/2020.03.21.20040691-p18-67-2.png,1,../data/dicom_ct/covid/covidchest_132.dcm
../data/COVID-CT-master/Images-processed/CT_COVID/2020.03.18.20038125-p16-56-3.png,1,../data/dicom_ct/covid/covidchest_133.dcm
../data/COVID-CT-master/Images-processed/CT_COVID/2020.03.18.20038125-p16-56-2.png,1,../data/dicom_ct/covid/covidchest_134.dcm
../data/COVID-CT-master/Images-processed/CT_COVID/2020.03.21.20040691-p18-67-3.png,1,../data/dicom_ct/covid/covidchest_135.dcm
../data/COVID-CT-master/Images-processed/CT_COVID/2020.03.22.20040782-p24-1533-4.png,1,../data/dicom_ct/covid/covidchest_136.dcm
../data/COVID-CT-master/Images-processed/CT_COVID/PIIS0140673620301549_0%0.png,1,../data/dicom_ct/covid/covidchest_137.dcm
../data/COVID-CT-master/Images-processed/CT_COVID/PIIS0140673620303603%0.png,1,../data/dicom_ct/covid/covidchest_138.dcm
../data/COVID-CT-master/Images-processed/CT_COVID/2020.02.26.20026989-p34-114_2%0.png,1,../data/dicom_ct/covid/covidchest_139.dcm
../data/COVID-CT-master/Images-processed/CT_COVID/2020.03.01.20029769-p21-73_3.png,1,../data/dicom_ct/covid/covidchest_140.dcm
../data/COVID-CT-master/Images-processed/CT_COVID/2020.03.25.20037721-p27-182.png,1,../data/dicom_ct/covid/covidchest_141.dcm
../data/COVID-CT-master/Images-processed/CT_COVID/kjr-21-e25-p1-8.png,1,../data/dicom_ct/covid/covidchest_142.dcm
../data/COVID-CT-master/Images-processed/CT_COVID/Comparison-of-different-samples-for-2019-novel-cor_2020_International-Journa-p2-21%1.png,1,../data/dicom_ct/covid/covidchest_143.dcm
../data/COVID-CT-master/Images-processed/CT_COVID/2020.02.23.20026856-p17-115%4.png,1,../data/dicom_ct/covid/covidchest_144.dcm
../data/COVID-CT-master/Images-processed/CT_COVID/2020.03.16.20035105-p6-64-4.png,1,../data/dicom_ct/covid/covidchest_145.dcm
../data/COVID-CT-master/Images-processed/CT_COVID/impact_of_covid19_infection_on_pregnancy_outcomes_and_the_risk_of_maternaltoneonatal_intrapartum_transmission_of_covid19_during_natural_birth-p8-41%1.png,1,../data/dicom_ct/covid/covidchest_146.dcm
../data/COVID-CT-master/Images-processed/CT_COVID/bmj.m606.full-p4-22%2.png,1,../data/dicom_ct/covid/covidchest_147.dcm
../data/COVID-CT-master/Images-processed/CT_COVID/2020.03.11.20033159-p12-45%1.png,1,../data/dicom_ct/covid/covidchest_148.dcm
../data/COVID-CT-master/Images-processed/CT_COVID/2020.03.22.20040782-p25-1545.png,1,../data/dicom_ct/covid/covidchest_149.dcm
../data/COVID-CT-master/Images-processed/CT_COVID/2020.03.20.20037325-p23-122.png,1,../data/dicom_ct/covid/covidchest_150.dcm
../data/COVID-CT-master/Images-processed/CT_COVID/2020.02.25.20021568-p23-108%7.png,1,../data/dicom_ct/covid/covidchest_151.dcm
../data/COVID-CT-master/Images-processed/CT_COVID/Ni2020_Article_CombinationOfWesternMedicineAn-p3-10%0.png,1,../data/dicom_ct/covid/covidchest_152.dcm
../data/COVID-CT-master/Images-processed/CT_COVID/Ni2020_Article_CombinationOfWesternMedicineAn-p3-10%1.png,1,../data/dicom_ct/covid/covidchest_153.dcm
../data/COVID-CT-master/Images-processed/CT_COVID/PIIS0140673620302117_2.png,1,../data/dicom_ct/covid/covidchest_154.dcm
../data/COVID-CT-master/Images-processed/CT_COVID/2020.02.25.20021568-p23-108%6.png,1,../data/dicom_ct/covid/covidchest_155.dcm
../data/COVID-CT-master/Images-processed/CT_COVID/2020.03.22.20040782-p24-1533-8.png,1,../data/dicom_ct/covid/covidchest_156.dcm
../data/COVID-CT-master/Images-processed/CT_COVID/2020.03.20.20037325-p23-123.png,1,../data/dicom_ct/covid/covidchest_157.dcm
../data/COVID-CT-master/Images-processed/CT_COVID/2020.03.22.20040782-p25-1544.png,1,../data/dicom_ct/covid/covidchest_158.dcm
../data/COVID-CT-master/Images-processed/CT_COVID/2020.03.11.20033159-p12-45%0.png,1,../data/dicom_ct/covid/covidchest_159.dcm
../data/COVID-CT-master/Images-processed/CT_COVID/bmj.m606.full-p4-22%3.png,1,../data/dicom_ct/covid/covidchest_160.dcm
../data/COVID-CT-master/Images-processed/CT_COVID/2020.02.23.20026856-p17-115%5.png,1,../data/dicom_ct/covid/covidchest_161.dcm
../data/COVID-CT-master/Images-processed/CT_COVID/Comparison-of-different-samples-for-2019-novel-cor_2020_International-Journa-p2-21%0.png,1,../data/dicom_ct/covid/covidchest_162.dcm
../data/COVID-CT-master/Images-processed/CT_COVID/2020.03.25.20037721-p27-181.png,1,../data/dicom_ct/covid/covidchest_163.dcm
../data/COVID-CT-master/Images-processed/CT_COVID/2020.03.10.20032136-p34-118_1%0.png,1,../data/dicom_ct/covid/covidchest_164.dcm
../data/COVID-CT-master/Images-processed/CT_COVID/Comparison-of-different-samples-for-2019-novel-cor_2020_International-Journa-p2-21%2.png,1,../data/dicom_ct/covid/covidchest_165.dcm
../data/COVID-CT-master/Images-processed/CT_COVID/Comparison-of-different-samples-for-2019-novel-cor_2020_International-Journa-p2-21%11.png,1,../data/dicom_ct/covid/covidchest_166.dcm
../data/COVID-CT-master/Images-processed/CT_COVID/bmj.m606.full-p4-22%1.png,1,../data/dicom_ct/covid/covidchest_167.dcm
../data/COVID-CT-master/Images-processed/CT_COVID/2020.03.11.20033159-p12-45%2.png,1,../data/dicom_ct/covid/covidchest_168.dcm
../data/COVID-CT-master/Images-processed/CT_COVID/2020.03.22.20040782-p25-1546.png,1,../data/dicom_ct/covid/covidchest_169.dcm
../data/COVID-CT-master/Images-processed/CT_COVID/2020.02.25.20021568-p23-108%4.png,1,../data/dicom_ct/covid/covidchest_170.dcm
../data/COVID-CT-master/Images-processed/CT_COVID/2020.03.20.20037325-p23-121.png,1,../data/dicom_ct/covid/covidchest_171.dcm
../data/COVID-CT-master/Images-processed/CT_COVID/2020.02.27.20027557-p25-137%4.png,1,../data/dicom_ct/covid/covidchest_172.dcm
../data/COVID-CT-master/Images-processed/CT_COVID/2020.03.08.20031658-p15-103.png,1,../data/dicom_ct/covid/covidchest_173.dcm
../data/COVID-CT-master/Images-processed/CT_COVID/PIIS0140673620302117_1.png,1,../data/dicom_ct/covid/covidchest_174.dcm
../data/COVID-CT-master/Images-processed/CT_COVID/2020.02.25.20021568-p23-108%5.png,1,../data/dicom_ct/covid/covidchest_175.dcm
../data/COVID-CT-master/Images-processed/CT_COVID/2020.03.11.20033159-p12-45%3.png,1,../data/dicom_ct/covid/covidchest_176.dcm
../data/COVID-CT-master/Images-processed/CT_COVID/bmj.m606.full-p4-22%0.png,1,../data/dicom_ct/covid/covidchest_177.dcm
../data/COVID-CT-master/Images-processed/CT_COVID/impact_of_covid19_infection_on_pregnancy_outcomes_and_the_risk_of_maternaltoneonatal_intrapartum_transmission_of_covid19_during_natural_birth-p8-41%3.png,1,../data/dicom_ct/covid/covidchest_178.dcm
../data/COVID-CT-master/Images-processed/CT_COVID/kjr-21-e24-p3-16.png,1,../data/dicom_ct/covid/covidchest_179.dcm
../data/COVID-CT-master/Images-processed/CT_COVID/Comparison-of-different-samples-for-2019-novel-cor_2020_International-Journa-p2-21%10.png,1,../data/dicom_ct/covid/covidchest_180.dcm
../data/COVID-CT-master/Images-processed/CT_COVID/Comparison-of-different-samples-for-2019-novel-cor_2020_International-Journa-p2-21%3.png,1,../data/dicom_ct/covid/covidchest_181.dcm
../data/COVID-CT-master/Images-processed/CT_COVID/2020.03.10.20032136-p34-118_1%1.png,1,../data/dicom_ct/covid/covidchest_182.dcm
../data/COVID-CT-master/Images-processed/CT_COVID/Comparison-of-different-samples-for-2019-novel-cor_2020_International-Journa-p2-21%7.png,1,../data/dicom_ct/covid/covidchest_183.dcm
../data/COVID-CT-master/Images-processed/CT_COVID/Ni2020_Article_CombinationOfWesternMedicineAn-p4-13%1.png,1,../data/dicom_ct/covid/covidchest_184.dcm
../data/COVID-CT-master/Images-processed/CT_COVID/2020.03.22.20034041-p16-66.png,1,../data/dicom_ct/covid/covidchest_185.dcm
../data/COVID-CT-master/Images-processed/CT_COVID/2020.03.16.20035105-p6-64-2.png,1,../data/dicom_ct/covid/covidchest_186.dcm
../data/COVID-CT-master/Images-processed/CT_COVID/2020.02.23.20026856-p17-115%2.png,1,../data/dicom_ct/covid/covidchest_187.dcm
../data/COVID-CT-master/Images-processed/CT_COVID/ehaa254-p0-63%3.png,1,../data/dicom_ct/covid/covidchest_188.dcm
../data/COVID-CT-master/Images-processed/CT_COVID/2020.03.04.20031047-p12-81%0.png,1,../data/dicom_ct/covid/covidchest_189.dcm
../data/COVID-CT-master/Images-processed/CT_COVID/bmj.m606.full-p4-22%4.png,1,../data/dicom_ct/covid/covidchest_190.dcm
../data/COVID-CT-master/Images-processed/CT_COVID/2020.03.22.20040782-p25-1543.png,1,../data/dicom_ct/covid/covidchest_191.dcm
../data/COVID-CT-master/Images-processed/CT_COVID/2020.02.11.20022053-p12-67%0.png,1,../data/dicom_ct/covid/covidchest_192.dcm
../data/COVID-CT-master/Images-processed/CT_COVID/2020.02.27.20027557-p25-137%0.png,1,../data/dicom_ct/covid/covidchest_193.dcm
../data/COVID-CT-master/Images-processed/CT_COVID/2020.03.21.20040691-p18-67-8.png,1,../data/dicom_ct/covid/covidchest_194.dcm
../data/COVID-CT-master/Images-processed/CT_COVID/Talaromyces-marneffei-infection-relapse-presenting-as-ost_2020_International-p1-12%1.png,1,../data/dicom_ct/covid/covidchest_195.dcm
../data/COVID-CT-master/Images-processed/CT_COVID/2020.02.25.20021568-p23-108%1.png,1,../data/dicom_ct/covid/covidchest_196.dcm
../data/COVID-CT-master/Images-processed/CT_COVID/2020.03.20.20037325-p23-124.png,1,../data/dicom_ct/covid/covidchest_197.dcm
../data/COVID-CT-master/Images-processed/CT_COVID/2020.02.25.20021568-p23-108%0.png,1,../data/dicom_ct/covid/covidchest_198.dcm
../data/COVID-CT-master/Images-processed/CT_COVID/2020.02.27.20027557-p25-137%1.png,1,../data/dicom_ct/covid/covidchest_199.dcm
../data/COVID-CT-master/Images-processed/CT_COVID/Talaromyces-marneffei-infection-relapse-presenting-as-ost_2020_International-p1-12%0.png,1,../data/dicom_ct/covid/covidchest_200.dcm
../data/COVID-CT-master/Images-processed/CT_COVID/2020.03.08.20031658-p15-106.png,1,../data/dicom_ct/covid/covidchest_201.dcm
../data/COVID-CT-master/Images-processed/CT_COVID/2020.02.11.20022053-p12-67%1.png,1,../data/dicom_ct/covid/covidchest_202.dcm
../data/COVID-CT-master/Images-processed/CT_COVID/2020.03.22.20040782-p25-1542.png,1,../data/dicom_ct/covid/covidchest_203.dcm
../data/COVID-CT-master/Images-processed/CT_COVID/bmj.m606.full-p4-22%5.png,1,../data/dicom_ct/covid/covidchest_204.dcm
../data/COVID-CT-master/Images-processed/CT_COVID/2020.03.04.20031047-p12-81%1.png,1,../data/dicom_ct/covid/covidchest_205.dcm
../data/COVID-CT-master/Images-processed/CT_COVID/2020.03.04.20031039-p23-97_2%2.png,1,../data/dicom_ct/covid/covidchest_206.dcm
../data/COVID-CT-master/Images-processed/CT_COVID/ehaa254-p0-63%2.png,1,../data/dicom_ct/covid/covidchest_207.dcm
../data/COVID-CT-master/Images-processed/CT_COVID/2020.02.23.20026856-p17-115%3.png,1,../data/dicom_ct/covid/covidchest_208.dcm
../data/COVID-CT-master/Images-processed/CT_COVID/2020.03.16.20035105-p6-64-3.png,1,../data/dicom_ct/covid/covidchest_209.dcm
../data/COVID-CT-master/Images-processed/CT_COVID/2020.03.03.20030353-p17-106%2.png,1,../data/dicom_ct/covid/covidchest_210.dcm
../data/COVID-CT-master/Images-processed/CT_COVID/Ni2020_Article_CombinationOfWesternMedicineAn-p4-13%0.png,1,../data/dicom_ct/covid/covidchest_211.dcm
../data/COVID-CT-master/Images-processed/CT_COVID/Comparison-of-different-samples-for-2019-novel-cor_2020_International-Journa-p2-21%6.png,1,../data/dicom_ct/covid/covidchest_212.dcm
../data/COVID-CT-master/Images-processed/CT_COVID/2020.02.28.20029025-p23-182.png,1,../data/dicom_ct/covid/covidchest_213.dcm
../data/COVID-CT-master/Images-processed/CT_COVID/Comparison-of-different-samples-for-2019-novel-cor_2020_International-Journa-p2-21%4.png,1,../data/dicom_ct/covid/covidchest_214.dcm
../data/COVID-CT-master/Images-processed/CT_COVID/PIIS0140673620303603%8.png,1,../data/dicom_ct/covid/covidchest_215.dcm
../data/COVID-CT-master/Images-processed/CT_COVID/2020.03.03.20030353-p17-106%0.png,1,../data/dicom_ct/covid/covidchest_216.dcm
../data/COVID-CT-master/Images-processed/CT_COVID/2020.03.16.20035105-p6-64-1.png,1,../data/dicom_ct/covid/covidchest_217.dcm
../data/COVID-CT-master/Images-processed/CT_COVID/2020.02.23.20026856-p17-115%1.png,1,../data/dicom_ct/covid/covidchest_218.dcm
../data/COVID-CT-master/Images-processed/CT_COVID/2020.03.04.20031039-p23-97_2%0.png,1,../data/dicom_ct/covid/covidchest_219.dcm
../data/COVID-CT-master/Images-processed/CT_COVID/2020.03.04.20031047-p12-81%3.png,1,../data/dicom_ct/covid/covidchest_220.dcm
../data/COVID-CT-master/Images-processed/CT_COVID/bmj.m606.full-p4-22%7.png,1,../data/dicom_ct/covid/covidchest_221.dcm
../data/COVID-CT-master/Images-processed/CT_COVID/2020.03.11.20033159-p12-45%4.png,1,../data/dicom_ct/covid/covidchest_222.dcm
../data/COVID-CT-master/Images-processed/CT_COVID/2020.02.11.20022053-p12-67%3.png,1,../data/dicom_ct/covid/covidchest_223.dcm
../data/COVID-CT-master/Images-processed/CT_COVID/Talaromyces-marneffei-infection-relapse-presenting-as-ost_2020_International-p1-12%2.png,1,../data/dicom_ct/covid/covidchest_224.dcm
../data/COVID-CT-master/Images-processed/CT_COVID/2020.02.27.20027557-p25-137%3.png,1,../data/dicom_ct/covid/covidchest_225.dcm
../data/COVID-CT-master/Images-processed/CT_COVID/2020.03.08.20031658-p15-104.png,1,../data/dicom_ct/covid/covidchest_226.dcm
../data/COVID-CT-master/Images-processed/CT_COVID/2020.02.25.20021568-p23-108%2.png,1,../data/dicom_ct/covid/covidchest_227.dcm
../data/COVID-CT-master/Images-processed/CT_COVID/2020.02.24.20027201-p19-670.png,1,../data/dicom_ct/covid/covidchest_228.dcm
../data/COVID-CT-master/Images-processed/CT_COVID/2020.02.25.20021568-p23-108%3.png,1,../data/dicom_ct/covid/covidchest_229.dcm
../data/COVID-CT-master/Images-processed/CT_COVID/2020.03.08.20031658-p15-105.png,1,../data/dicom_ct/covid/covidchest_230.dcm
../data/COVID-CT-master/Images-processed/CT_COVID/Talaromyces-marneffei-infection-relapse-presenting-as-ost_2020_International-p1-12%3.png,1,../data/dicom_ct/covid/covidchest_231.dcm
../data/COVID-CT-master/Images-processed/CT_COVID/2020.02.27.20027557-p25-137%2.png,1,../data/dicom_ct/covid/covidchest_232.dcm
../data/COVID-CT-master/Images-processed/CT_COVID/2020.02.11.20022053-p12-67%2.png,1,../data/dicom_ct/covid/covidchest_233.dcm
../data/COVID-CT-master/Images-processed/CT_COVID/2020.03.11.20033159-p12-45%5.png,1,../data/dicom_ct/covid/covidchest_234.dcm
../data/COVID-CT-master/Images-processed/CT_COVID/2020.03.22.20040782-p25-1541.png,1,../data/dicom_ct/covid/covidchest_235.dcm
../data/COVID-CT-master/Images-processed/CT_COVID/bmj.m606.full-p4-22%6.png,1,../data/dicom_ct/covid/covidchest_236.dcm
../data/COVID-CT-master/Images-processed/CT_COVID/impact_of_covid19_infection_on_pregnancy_outcomes_and_the_risk_of_maternaltoneonatal_intrapartum_transmission_of_covid19_during_natural_birth-p8-41%5.png,1,../data/dicom_ct/covid/covidchest_237.dcm
../data/COVID-CT-master/Images-processed/CT_COVID/2020.03.04.20031047-p12-81%2.png,1,../data/dicom_ct/covid/covidchest_238.dcm
../data/COVID-CT-master/Images-processed/CT_COVID/2020.03.04.20031039-p23-97_2%1.png,1,../data/dicom_ct/covid/covidchest_239.dcm
../data/COVID-CT-master/Images-processed/CT_COVID/2020.02.23.20026856-p17-115%0.png,1,../data/dicom_ct/covid/covidchest_240.dcm
../data/COVID-CT-master/Images-processed/CT_COVID/2020.03.03.20030353-p17-106%1.png,1,../data/dicom_ct/covid/covidchest_241.dcm
../data/COVID-CT-master/Images-processed/CT_COVID/Comparison-of-different-samples-for-2019-novel-cor_2020_International-Journa-p2-21%5.png,1,../data/dicom_ct/covid/covidchest_242.dcm
../data/COVID-CT-master/Images-processed/CT_COVID/2020.02.28.20029025-p23-183.png,1,../data/dicom_ct/covid/covidchest_243.dcm
../data/COVID-CT-master/Images-processed/CT_COVID/2020.03.04.20026005-p12-1946%1.png,1,../data/dicom_ct/covid/covidchest_244.dcm
../data/COVID-CT-master/Images-processed/CT_COVID/2020.03.12.20027185-p8-218.png,1,../data/dicom_ct/covid/covidchest_245.dcm
../data/COVID-CT-master/Images-processed/CT_COVID/2020.02.25.20021568-p24-111%1.png,1,../data/dicom_ct/covid/covidchest_246.dcm
../data/COVID-CT-master/Images-processed/CT_COVID/2020.02.10.20021584-p6-52%6.png,1,../data/dicom_ct/covid/covidchest_247.dcm
../data/COVID-CT-master/Images-processed/CT_COVID/2020.03.26.20041426-p11-133.png,1,../data/dicom_ct/covid/covidchest_248.dcm
../data/COVID-CT-master/Images-processed/CT_COVID/2019-novel-Coronavirus-severe-adult-respiratory-dist_2020_International-Jour-p3-91.png,1,../data/dicom_ct/covid/covidchest_249.dcm
../data/COVID-CT-master/Images-processed/CT_COVID/2020.03.26.20041426-p11-127.png,1,../data/dicom_ct/covid/covidchest_250.dcm
../data/COVID-CT-master/Images-processed/CT_COVID/2020.03.19.20038539-p10-58.png,1,../data/dicom_ct/covid/covidchest_251.dcm
../data/COVID-CT-master/Images-processed/CT_COVID/2020.01.24.919183-p27-134.png,1,../data/dicom_ct/covid/covidchest_252.dcm
../data/COVID-CT-master/Images-processed/CT_COVID/2020.03.03.20030775-p10-88%1.png,1,../data/dicom_ct/covid/covidchest_253.dcm
../data/COVID-CT-master/Images-processed/CT_COVID/2020.03.04.20031047-p13-84%1.png,1,../data/dicom_ct/covid/covidchest_254.dcm
../data/COVID-CT-master/Images-processed/CT_COVID/2020.02.10.20021584-p6-52%14.png,1,../data/dicom_ct/covid/covidchest_255.dcm
../data/COVID-CT-master/Images-processed/CT_COVID/2020.02.10.20021584-p6-52%15.png,1,../data/dicom_ct/covid/covidchest_256.dcm
../data/COVID-CT-master/Images-processed/CT_COVID/2020.03.03.20030775-p10-88%0.png,1,../data/dicom_ct/covid/covidchest_257.dcm
../data/COVID-CT-master/Images-processed/CT_COVID/2020.03.04.20031047-p13-84%0.png,1,../data/dicom_ct/covid/covidchest_258.dcm
../data/COVID-CT-master/Images-processed/CT_COVID/2020.01.24.919183-p27-135.png,1,../data/dicom_ct/covid/covidchest_259.dcm
../data/COVID-CT-master/Images-processed/CT_COVID/kjr-21-e24-p2-8.png,1,../data/dicom_ct/covid/covidchest_260.dcm
../data/COVID-CT-master/Images-processed/CT_COVID/2020.03.19.20038539-p10-59.png,1,../data/dicom_ct/covid/covidchest_261.dcm
../data/COVID-CT-master/Images-processed/CT_COVID/2020.03.26.20041426-p11-126.png,1,../data/dicom_ct/covid/covidchest_262.dcm
../data/COVID-CT-master/Images-processed/CT_COVID/2020.03.26.20041426-p11-132.png,1,../data/dicom_ct/covid/covidchest_263.dcm
../data/COVID-CT-master/Images-processed/CT_COVID/2020.02.25.20021568-p24-111%0.png,1,../data/dicom_ct/covid/covidchest_264.dcm
../data/COVID-CT-master/Images-processed/CT_COVID/2020.02.10.20021584-p6-52%7.png,1,../data/dicom_ct/covid/covidchest_265.dcm
../data/COVID-CT-master/Images-processed/CT_COVID/kjr-21-e25-p1-10.png,1,../data/dicom_ct/covid/covidchest_266.dcm
../data/COVID-CT-master/Images-processed/CT_COVID/2020.03.04.20026005-p12-1946%0.png,1,../data/dicom_ct/covid/covidchest_267.dcm
../data/COVID-CT-master/Images-processed/CT_COVID/2020.03.04.20026005-p12-1946%2.png,1,../data/dicom_ct/covid/covidchest_268.dcm
../data/COVID-CT-master/Images-processed/CT_COVID/kjr-21-e25-p1-12.png,1,../data/dicom_ct/covid/covidchest_269.dcm
../data/COVID-CT-master/Images-processed/CT_COVID/2020.02.10.20021584-p6-52%5.png,1,../data/dicom_ct/covid/covidchest_270.dcm
../data/COVID-CT-master/Images-processed/CT_COVID/2020.02.25.20021568-p24-111%2.png,1,../data/dicom_ct/covid/covidchest_271.dcm
../data/COVID-CT-master/Images-processed/CT_COVID/2020.03.26.20041426-p11-124.png,1,../data/dicom_ct/covid/covidchest_272.dcm
../data/COVID-CT-master/Images-processed/CT_COVID/2020.03.26.20041426-p11-130.png,1,../data/dicom_ct/covid/covidchest_273.dcm
../data/COVID-CT-master/Images-processed/CT_COVID/2020.02.25.20021568-p23-108%15.png,1,../data/dicom_ct/covid/covidchest_274.dcm
../data/COVID-CT-master/Images-processed/CT_COVID/2020.03.10.20032136-p34-118_2%1.png,1,../data/dicom_ct/covid/covidchest_275.dcm
../data/COVID-CT-master/Images-processed/CT_COVID/2020.03.18.20038125-p15-54-2.png,1,../data/dicom_ct/covid/covidchest_276.dcm
../data/COVID-CT-master/Images-processed/CT_COVID/kjr-21-e24-p5-29.png,1,../data/dicom_ct/covid/covidchest_277.dcm
../data/COVID-CT-master/Images-processed/CT_COVID/2020.03.04.20031047-p13-84%2.png,1,../data/dicom_ct/covid/covidchest_278.dcm
../data/COVID-CT-master/Images-processed/CT_COVID/2020.03.13.20035212-p23-159.png,1,../data/dicom_ct/covid/covidchest_279.dcm
../data/COVID-CT-master/Images-processed/CT_COVID/2020.03.13.20035212-p23-158.png,1,../data/dicom_ct/covid/covidchest_280.dcm
../data/COVID-CT-master/Images-processed/CT_COVID/2020.03.04.20031047-p13-84%3.png,1,../data/dicom_ct/covid/covidchest_281.dcm
../data/COVID-CT-master/Images-processed/CT_COVID/2020.03.10.20032136-p34-118_2%0.png,1,../data/dicom_ct/covid/covidchest_282.dcm
../data/COVID-CT-master/Images-processed/CT_COVID/2020.02.25.20021568-p23-108%14.png,1,../data/dicom_ct/covid/covidchest_283.dcm
../data/COVID-CT-master/Images-processed/CT_COVID/2020.03.26.20041426-p11-131.png,1,../data/dicom_ct/covid/covidchest_284.dcm
../data/COVID-CT-master/Images-processed/CT_COVID/2020.03.26.20041426-p11-125.png,1,../data/dicom_ct/covid/covidchest_285.dcm
../data/COVID-CT-master/Images-processed/CT_COVID/2020.02.10.20021584-p6-52%4.png,1,../data/dicom_ct/covid/covidchest_286.dcm
../data/COVID-CT-master/Images-processed/CT_COVID/2020.02.25.20021568-p24-111%3.png,1,../data/dicom_ct/covid/covidchest_287.dcm
../data/COVID-CT-master/Images-processed/CT_COVID/2020.03.26.20041426-p11-119.png,1,../data/dicom_ct/covid/covidchest_288.dcm
../data/COVID-CT-master/Images-processed/CT_COVID/2020.03.04.20026005-p12-1946%3.png,1,../data/dicom_ct/covid/covidchest_289.dcm
../data/COVID-CT-master/Images-processed/CT_COVID/2020.03.30.20047985-p9-56%1.png,1,../data/dicom_ct/covid/covidchest_290.dcm
../data/COVID-CT-master/Images-processed/CT_COVID/2020.03.04.20031039-p23-97_1%2.png,1,../data/dicom_ct/covid/covidchest_291.dcm
../data/COVID-CT-master/Images-processed/CT_COVID/2020.03.04.20031047-p14-87%0.png,1,../data/dicom_ct/covid/covidchest_292.dcm
../data/COVID-CT-master/Images-processed/CT_COVID/2020.03.26.20041426-p11-121.png,1,../data/dicom_ct/covid/covidchest_293.dcm
../data/COVID-CT-master/Images-processed/CT_COVID/2020.02.25.20027763-p15-53%0.png,1,../data/dicom_ct/covid/covidchest_294.dcm
../data/COVID-CT-master/Images-processed/CT_COVID/2020.02.13.20022673-p13-77%0.png,1,../data/dicom_ct/covid/covidchest_295.dcm
../data/COVID-CT-master/Images-processed/CT_COVID/2020.02.25.20021568-p24-111%7.png,1,../data/dicom_ct/covid/covidchest_296.dcm
../data/COVID-CT-master/Images-processed/CT_COVID/2020.02.10.20021584-p6-52%0.png,1,../data/dicom_ct/covid/covidchest_297.dcm
../data/COVID-CT-master/Images-processed/CT_COVID/2020.03.19.20038539-p10-62.png,1,../data/dicom_ct/covid/covidchest_298.dcm
../data/COVID-CT-master/Images-processed/CT_COVID/2020.02.25.20021568-p23-108%10.png,1,../data/dicom_ct/covid/covidchest_299.dcm
../data/COVID-CT-master/Images-processed/CT_COVID/PIIS0140673620301549_2.png,1,../data/dicom_ct/covid/covidchest_300.dcm
../data/COVID-CT-master/Images-processed/CT_COVID/2020.01.24.919183-p27-132.png,1,../data/dicom_ct/covid/covidchest_301.dcm
../data/COVID-CT-master/Images-processed/CT_COVID/2020.03.04.20030395-p27-108%8.png,1,../data/dicom_ct/covid/covidchest_302.dcm
../data/COVID-CT-master/Images-processed/CT_COVID/2020.03.13.20035212-p23-160.png,1,../data/dicom_ct/covid/covidchest_303.dcm
../data/COVID-CT-master/Images-processed/CT_COVID/2020.02.10.20021584-p6-52%12.png,1,../data/dicom_ct/covid/covidchest_304.dcm
../data/COVID-CT-master/Images-processed/CT_COVID/2020.02.10.20021584-p6-52%13.png,1,../data/dicom_ct/covid/covidchest_305.dcm
../data/COVID-CT-master/Images-processed/CT_COVID/2020.03.13.20035212-p23-161.png,1,../data/dicom_ct/covid/covidchest_306.dcm
../data/COVID-CT-master/Images-processed/CT_COVID/2020.01.24.919183-p27-133.png,1,../data/dicom_ct/covid/covidchest_307.dcm
../data/COVID-CT-master/Images-processed/CT_COVID/2020.02.22.20024927-p18-66%2.png,1,../data/dicom_ct/covid/covidchest_308.dcm
../data/COVID-CT-master/Images-processed/CT_COVID/2020.03.18.20038125-p15-54-6.png,1,../data/dicom_ct/covid/covidchest_309.dcm
../data/COVID-CT-master/Images-processed/CT_COVID/2020.02.25.20021568-p23-108%11.png,1,../data/dicom_ct/covid/covidchest_310.dcm
../data/COVID-CT-master/Images-processed/CT_COVID/2020.03.03.20030775-p11-91.png,1,../data/dicom_ct/covid/covidchest_311.dcm
../data/COVID-CT-master/Images-processed/CT_COVID/2020.02.25.20021568-p24-111%6.png,1,../data/dicom_ct/covid/covidchest_312.dcm
../data/COVID-CT-master/Images-processed/CT_COVID/2020.02.10.20021584-p6-52%1.png,1,../data/dicom_ct/covid/covidchest_313.dcm
../data/COVID-CT-master/Images-processed/CT_COVID/2020.02.13.20022673-p13-77%1.png,1,../data/dicom_ct/covid/covidchest_314.dcm
../data/COVID-CT-master/Images-processed/CT_COVID/2020.02.25.20027763-p15-53%1.png,1,../data/dicom_ct/covid/covidchest_315.dcm
../data/COVID-CT-master/Images-processed/CT_COVID/2020.03.26.20041426-p11-120.png,1,../data/dicom_ct/covid/covidchest_316.dcm
../data/COVID-CT-master/Images-processed/CT_COVID/2020.03.04.20031047-p14-87%1.png,1,../data/dicom_ct/covid/covidchest_317.dcm
../data/COVID-CT-master/Images-processed/CT_COVID/2020.03.30.20047985-p9-56%0.png,1,../data/dicom_ct/covid/covidchest_318.dcm
../data/COVID-CT-master/Images-processed/CT_COVID/kjr-21-e25-p1-14.png,1,../data/dicom_ct/covid/covidchest_319.dcm
../data/COVID-CT-master/Images-processed/CT_COVID/2020.03.04.20031039-p23-97_1%1.png,1,../data/dicom_ct/covid/covidchest_320.dcm
../data/COVID-CT-master/Images-processed/CT_COVID/2020.03.30.20047985-p9-56%2.png,1,../data/dicom_ct/covid/covidchest_321.dcm
../data/COVID-CT-master/Images-processed/CT_COVID/2020.03.04.20026005-p12-1946%4.png,1,../data/dicom_ct/covid/covidchest_322.dcm
../data/COVID-CT-master/Images-processed/CT_COVID/2020.03.12.20027185-p8-221.png,1,../data/dicom_ct/covid/covidchest_323.dcm
../data/COVID-CT-master/Images-processed/CT_COVID/2020.03.26.20041426-p11-122.png,1,../data/dicom_ct/covid/covidchest_324.dcm
../data/COVID-CT-master/Images-processed/CT_COVID/2020.02.10.20021584-p6-52%3.png,1,../data/dicom_ct/covid/covidchest_325.dcm
../data/COVID-CT-master/Images-processed/CT_COVID/2020.02.25.20021568-p24-111%4.png,1,../data/dicom_ct/covid/covidchest_326.dcm
../data/COVID-CT-master/Images-processed/CT_COVID/2020.02.25.20021568-p23-108%13.png,1,../data/dicom_ct/covid/covidchest_327.dcm
../data/COVID-CT-master/Images-processed/CT_COVID/2020.03.19.20038539-p10-61.png,1,../data/dicom_ct/covid/covidchest_328.dcm
../data/COVID-CT-master/Images-processed/CT_COVID/2020.03.18.20038125-p15-54-4.png,1,../data/dicom_ct/covid/covidchest_329.dcm
../data/COVID-CT-master/Images-processed/CT_COVID/PIIS0140673620301549_1.png,1,../data/dicom_ct/covid/covidchest_330.dcm
../data/COVID-CT-master/Images-processed/CT_COVID/2020.03.04.20031047-p13-84%4.png,1,../data/dicom_ct/covid/covidchest_331.dcm
../data/COVID-CT-master/Images-processed/CT_COVID/2020.02.22.20024927-p18-66%0.png,1,../data/dicom_ct/covid/covidchest_332.dcm
../data/COVID-CT-master/Images-processed/CT_COVID/2020.03.13.20035212-p23-163.png,1,../data/dicom_ct/covid/covidchest_333.dcm
../data/COVID-CT-master/Images-processed/CT_COVID/2020.02.10.20021584-p6-52%11.png,1,../data/dicom_ct/covid/covidchest_334.dcm
../data/COVID-CT-master/Images-processed/CT_COVID/2020.02.10.20021584-p6-52%10.png,1,../data/dicom_ct/covid/covidchest_335.dcm
../data/COVID-CT-master/Images-processed/CT_COVID/2020.03.13.20035212-p23-162.png,1,../data/dicom_ct/covid/covidchest_336.dcm
../data/COVID-CT-master/Images-processed/CT_COVID/2020.03.04.20031047-p13-84%5.png,1,../data/dicom_ct/covid/covidchest_337.dcm
../data/COVID-CT-master/Images-processed/CT_COVID/2020.02.22.20024927-p18-66%1.png,1,../data/dicom_ct/covid/covidchest_338.dcm
../data/COVID-CT-master/Images-processed/CT_COVID/2020.03.18.20038125-p15-54-5.png,1,../data/dicom_ct/covid/covidchest_339.dcm
../data/COVID-CT-master/Images-processed/CT_COVID/2020.03.19.20038539-p10-60.png,1,../data/dicom_ct/covid/covidchest_340.dcm
../data/COVID-CT-master/Images-processed/CT_COVID/2020.02.25.20021568-p23-108%12.png,1,../data/dicom_ct/covid/covidchest_341.dcm
../data/COVID-CT-master/Images-processed/CT_COVID/2020.02.10.20021584-p6-52%2.png,1,../data/dicom_ct/covid/covidchest_342.dcm
../data/COVID-CT-master/Images-processed/CT_COVID/2020.02.25.20021568-p24-111%5.png,1,../data/dicom_ct/covid/covidchest_343.dcm
../data/COVID-CT-master/Images-processed/CT_COVID/2020.03.26.20041426-p11-123.png,1,../data/dicom_ct/covid/covidchest_344.dcm
../data/COVID-CT-master/Images-processed/CT_COVID/2020.02.13.20022673-p13-77%2.png,1,../data/dicom_ct/covid/covidchest_345.dcm
../data/COVID-CT-master/Images-processed/CT_COVID/2020.03.04.20026005-p12-1946%5.png,1,../data/dicom_ct/covid/covidchest_346.dcm
../data/COVID-CT-master/Images-processed/CT_COVID/2020.03.04.20031039-p23-97_1%0.png,1,../data/dicom_ct/covid/covidchest_347.dcm
../data/COVID-CT-master/Images-processed/CT_COVID/2020.03.30.20047985-p9-56%3.png,1,../data/dicom_ct/covid/covidchest_348.dcm
../data/COVID-CT-master/Images-processed/CT_NonCOVID/77.jpg,0,../data/dicom_ct/no_covid/nocovidchest_0.dcm
../data/COVID-CT-master/Images-processed/CT_NonCOVID/412.png,0,../data/dicom_ct/no_covid/nocovidchest_1.dcm
../data/COVID-CT-master/Images-processed/CT_NonCOVID/4%7.jpg,0,../data/dicom_ct/no_covid/nocovidchest_2.dcm
../data/COVID-CT-master/Images-processed/CT_NonCOVID/40%0.jpg,0,../data/dicom_ct/no_covid/nocovidchest_3.dcm
../data/COVID-CT-master/Images-processed/CT_NonCOVID/88.jpg,0,../data/dicom_ct/no_covid/nocovidchest_4.dcm
../data/COVID-CT-master/Images-processed/CT_NonCOVID/176.png,0,../data/dicom_ct/no_covid/nocovidchest_5.dcm
../data/COVID-CT-master/Images-processed/CT_NonCOVID/21%1.jpg,0,../data/dicom_ct/no_covid/nocovidchest_6.dcm
../data/COVID-CT-master/Images-processed/CT_NonCOVID/957.png,0,../data/dicom_ct/no_covid/nocovidchest_7.dcm
../data/COVID-CT-master/Images-processed/CT_NonCOVID/82%2.jpg,0,../data/dicom_ct/no_covid/nocovidchest_8.dcm
../data/COVID-CT-master/Images-processed/CT_NonCOVID/38%0.jpg,0,../data/dicom_ct/no_covid/nocovidchest_9.dcm
../data/COVID-CT-master/Images-processed/CT_NonCOVID/2%1.jpg,0,../data/dicom_ct/no_covid/nocovidchest_10.dcm
../data/COVID-CT-master/Images-processed/CT_NonCOVID/80%0.jpg,0,../data/dicom_ct/no_covid/nocovidchest_11.dcm
../data/COVID-CT-master/Images-processed/CT_NonCOVID/80%1.jpg,0,../data/dicom_ct/no_covid/nocovidchest_12.dcm
../data/COVID-CT-master/Images-processed/CT_NonCOVID/1030.png,0,../data/dicom_ct/no_covid/nocovidchest_13.dcm
../data/COVID-CT-master/Images-processed/CT_NonCOVID/2%0.jpg,0,../data/dicom_ct/no_covid/nocovidchest_14.dcm
../data/COVID-CT-master/Images-processed/CT_NonCOVID/38%1.jpg,0,../data/dicom_ct/no_covid/nocovidchest_15.dcm
../data/COVID-CT-master/Images-processed/CT_NonCOVID/82%3.jpg,0,../data/dicom_ct/no_covid/nocovidchest_16.dcm
../data/COVID-CT-master/Images-processed/CT_NonCOVID/956.png,0,../data/dicom_ct/no_covid/nocovidchest_17.dcm
../data/COVID-CT-master/Images-processed/CT_NonCOVID/59%0.jpg,0,../data/dicom_ct/no_covid/nocovidchest_18.dcm
../data/COVID-CT-master/Images-processed/CT_NonCOVID/21%0.jpg,0,../data/dicom_ct/no_covid/nocovidchest_19.dcm
../data/COVID-CT-master/Images-processed/CT_NonCOVID/177.png,0,../data/dicom_ct/no_covid/nocovidchest_20.dcm
../data/COVID-CT-master/Images-processed/CT_NonCOVID/40%1.jpg,0,../data/dicom_ct/no_covid/nocovidchest_21.dcm
../data/COVID-CT-master/Images-processed/CT_NonCOVID/361.png,0,../data/dicom_ct/no_covid/nocovidchest_22.dcm
../data/COVID-CT-master/Images-processed/CT_NonCOVID/413.png,0,../data/dicom_ct/no_covid/nocovidchest_23.dcm
../data/COVID-CT-master/Images-processed/CT_NonCOVID/62.jpg,0,../data/dicom_ct/no_covid/nocovidchest_24.dcm
../data/COVID-CT-master/Images-processed/CT_NonCOVID/74.jpg,0,../data/dicom_ct/no_covid/nocovidchest_25.dcm
../data/COVID-CT-master/Images-processed/CT_NonCOVID/60.jpg,0,../data/dicom_ct/no_covid/nocovidchest_26.dcm
../data/COVID-CT-master/Images-processed/CT_NonCOVID/48.jpg,0,../data/dicom_ct/no_covid/nocovidchest_27.dcm
../data/COVID-CT-master/Images-processed/CT_NonCOVID/997.png,0,../data/dicom_ct/no_covid/nocovidchest_28.dcm
../data/COVID-CT-master/Images-processed/CT_NonCOVID/1218.png,0,../data/dicom_ct/no_covid/nocovidchest_29.dcm
../data/COVID-CT-master/Images-processed/CT_NonCOVID/82%1.jpg,0,../data/dicom_ct/no_covid/nocovidchest_30.dcm
../data/COVID-CT-master/Images-processed/CT_NonCOVID/2%2.jpg,0,../data/dicom_ct/no_covid/nocovidchest_31.dcm
../data/COVID-CT-master/Images-processed/CT_NonCOVID/2%3.jpg,0,../data/dicom_ct/no_covid/nocovidchest_32.dcm
../data/COVID-CT-master/Images-processed/CT_NonCOVID/38%2.jpg,0,../data/dicom_ct/no_covid/nocovidchest_33.dcm
../data/COVID-CT-master/Images-processed/CT_NonCOVID/82%0.jpg,0,../data/dicom_ct/no_covid/nocovidchest_34.dcm
../data/COVID-CT-master/Images-processed/CT_NonCOVID/969.png,0,../data/dicom_ct/no_covid/nocovidchest_35.dcm
../data/COVID-CT-master/Images-processed/CT_NonCOVID/996.png,0,../data/dicom_ct/no_covid/nocovidchest_36.dcm
../data/COVID-CT-master/Images-processed/CT_NonCOVID/174.png,0,../data/dicom_ct/no_covid/nocovidchest_37.dcm
../data/COVID-CT-master/Images-processed/CT_NonCOVID/4%5.jpg,0,../data/dicom_ct/no_covid/nocovidchest_38.dcm
../data/COVID-CT-master/Images-processed/CT_NonCOVID/4%1.jpg,0,../data/dicom_ct/no_covid/nocovidchest_39.dcm
../data/COVID-CT-master/Images-processed/CT_NonCOVID/414.png,0,../data/dicom_ct/no_covid/nocovidchest_40.dcm
../data/COVID-CT-master/Images-processed/CT_NonCOVID/18%3.jpg,0,../data/dicom_ct/no_covid/nocovidchest_41.dcm
../data/COVID-CT-master/Images-processed/CT_NonCOVID/6%3.jpg,0,../data/dicom_ct/no_covid/nocovidchest_42.dcm
../data/COVID-CT-master/Images-processed/CT_NonCOVID/158.png,0,../data/dicom_ct/no_covid/nocovidchest_43.dcm
../data/COVID-CT-master/Images-processed/CT_NonCOVID/59.png,0,../data/dicom_ct/no_covid/nocovidchest_44.dcm
../data/COVID-CT-master/Images-processed/CT_NonCOVID/84%2.jpg,0,../data/dicom_ct/no_covid/nocovidchest_45.dcm
../data/COVID-CT-master/Images-processed/CT_NonCOVID/1221.png,0,../data/dicom_ct/no_covid/nocovidchest_46.dcm
../data/COVID-CT-master/Images-processed/CT_NonCOVID/25%3.jpg,0,../data/dicom_ct/no_covid/nocovidchest_47.dcm
../data/COVID-CT-master/Images-processed/CT_NonCOVID/25%2.jpg,0,../data/dicom_ct/no_covid/nocovidchest_48.dcm
../data/COVID-CT-master/Images-processed/CT_NonCOVID/575.png,0,../data/dicom_ct/no_covid/nocovidchest_49.dcm
../data/COVID-CT-master/Images-processed/CT_NonCOVID/84%3.jpg,0,../data/dicom_ct/no_covid/nocovidchest_50.dcm
../data/COVID-CT-master/Images-processed/CT_NonCOVID/171.png,0,../data/dicom_ct/no_covid/nocovidchest_51.dcm
../data/COVID-CT-master/Images-processed/CT_NonCOVID/6%2.jpg,0,../data/dicom_ct/no_covid/nocovidchest_52.dcm
../data/COVID-CT-master/Images-processed/CT_NonCOVID/64.jpg,0,../data/dicom_ct/no_covid/nocovidchest_53.dcm
../data/COVID-CT-master/Images-processed/CT_NonCOVID/18%2.jpg,0,../data/dicom_ct/no_covid/nocovidchest_54.dcm
../data/COVID-CT-master/Images-processed/CT_NonCOVID/8.jpg,0,../data/dicom_ct/no_covid/nocovidchest_55.dcm
../data/COVID-CT-master/Images-processed/CT_NonCOVID/18%0.jpg,0,../data/dicom_ct/no_covid/nocovidchest_56.dcm
../data/COVID-CT-master/Images-processed/CT_NonCOVID/66.jpg,0,../data/dicom_ct/no_covid/nocovidchest_57.dcm
../data/COVID-CT-master/Images-processed/CT_NonCOVID/72.jpg,0,../data/dicom_ct/no_covid/nocovidchest_58.dcm
../data/COVID-CT-master/Images-processed/CT_NonCOVID/167.png,0,../data/dicom_ct/no_covid/nocovidchest_59.dcm
../data/COVID-CT-master/Images-processed/CT_NonCOVID/6%0.jpg,0,../data/dicom_ct/no_covid/nocovidchest_60.dcm
../data/COVID-CT-master/Images-processed/CT_NonCOVID/84%1.jpg,0,../data/dicom_ct/no_covid/nocovidchest_61.dcm
../data/COVID-CT-master/Images-processed/CT_NonCOVID/2139.png,0,../data/dicom_ct/no_covid/nocovidchest_62.dcm
../data/COVID-CT-master/Images-processed/CT_NonCOVID/44%1.jpg,0,../data/dicom_ct/no_covid/nocovidchest_63.dcm
../data/COVID-CT-master/Images-processed/CT_NonCOVID/577.png,0,../data/dicom_ct/no_covid/nocovidchest_64.dcm
../data/COVID-CT-master/Images-processed/CT_NonCOVID/25%0.jpg,0,../data/dicom_ct/no_covid/nocovidchest_65.dcm
../data/COVID-CT-master/Images-processed/CT_NonCOVID/25%1.jpg,0,../data/dicom_ct/no_covid/nocovidchest_66.dcm
../data/COVID-CT-master/Images-processed/CT_NonCOVID/576.png,0,../data/dicom_ct/no_covid/nocovidchest_67.dcm
../data/COVID-CT-master/Images-processed/CT_NonCOVID/44%0.jpg,0,../data/dicom_ct/no_covid/nocovidchest_68.dcm
../data/COVID-CT-master/Images-processed/CT_NonCOVID/2138.png,0,../data/dicom_ct/no_covid/nocovidchest_69.dcm
../data/COVID-CT-master/Images-processed/CT_NonCOVID/84%0.jpg,0,../data/dicom_ct/no_covid/nocovidchest_70.dcm
../data/COVID-CT-master/Images-processed/CT_NonCOVID/166.png,0,../data/dicom_ct/no_covid/nocovidchest_71.dcm
../data/COVID-CT-master/Images-processed/CT_NonCOVID/6%1.jpg,0,../data/dicom_ct/no_covid/nocovidchest_72.dcm
../data/COVID-CT-master/Images-processed/CT_NonCOVID/73.jpg,0,../data/dicom_ct/no_covid/nocovidchest_73.dcm
../data/COVID-CT-master/Images-processed/CT_NonCOVID/1814.png,0,../data/dicom_ct/no_covid/nocovidchest_74.dcm
../data/COVID-CT-master/Images-processed/CT_NonCOVID/18%1.jpg,0,../data/dicom_ct/no_covid/nocovidchest_75.dcm
../data/COVID-CT-master/Images-processed/CT_NonCOVID/4%3.jpg,0,../data/dicom_ct/no_covid/nocovidchest_76.dcm
../data/COVID-CT-master/Images-processed/CT_NonCOVID/9.jpg,0,../data/dicom_ct/no_covid/nocovidchest_77.dcm
../data/COVID-CT-master/Images-processed/CT_NonCOVID/39%3.jpg,0,../data/dicom_ct/no_covid/nocovidchest_78.dcm
../data/COVID-CT-master/Images-processed/CT_NonCOVID/28.jpg,0,../data/dicom_ct/no_covid/nocovidchest_79.dcm
../data/COVID-CT-master/Images-processed/CT_NonCOVID/81%3.jpg,0,../data/dicom_ct/no_covid/nocovidchest_80.dcm
../data/COVID-CT-master/Images-processed/CT_NonCOVID/673.png,0,../data/dicom_ct/no_covid/nocovidchest_81.dcm
../data/COVID-CT-master/Images-processed/CT_NonCOVID/115.png,0,../data/dicom_ct/no_covid/nocovidchest_82.dcm
../data/COVID-CT-master/Images-processed/CT_NonCOVID/1%0.jpg,0,../data/dicom_ct/no_covid/nocovidchest_83.dcm
../data/COVID-CT-master/Images-processed/CT_NonCOVID/14.png,0,../data/dicom_ct/no_covid/nocovidchest_84.dcm
../data/COVID-CT-master/Images-processed/CT_NonCOVID/63%4.jpg,0,../data/dicom_ct/no_covid/nocovidchest_85.dcm
../data/COVID-CT-master/Images-processed/CT_NonCOVID/83%1.jpg,0,../data/dicom_ct/no_covid/nocovidchest_86.dcm
../data/COVID-CT-master/Images-processed/CT_NonCOVID/1330.png,0,../data/dicom_ct/no_covid/nocovidchest_87.dcm
../data/COVID-CT-master/Images-processed/CT_NonCOVID/65%2.jpg,0,../data/dicom_ct/no_covid/nocovidchest_88.dcm
../data/COVID-CT-master/Images-processed/CT_NonCOVID/43%1.jpg,0,../data/dicom_ct/no_covid/nocovidchest_89.dcm
../data/COVID-CT-master/Images-processed/CT_NonCOVID/5%4.jpg,0,../data/dicom_ct/no_covid/nocovidchest_90.dcm
../data/COVID-CT-master/Images-processed/CT_NonCOVID/22%0.jpg,0,../data/dicom_ct/no_covid/nocovidchest_91.dcm
../data/COVID-CT-master/Images-processed/CT_NonCOVID/67%0.jpg,0,../data/dicom_ct/no_covid/nocovidchest_92.dcm
../data/COVID-CT-master/Images-processed/CT_NonCOVID/1046.png,0,../data/dicom_ct/no_covid/nocovidchest_93.dcm
../data/COVID-CT-master/Images-processed/CT_NonCOVID/1047.png,0,../data/dicom_ct/no_covid/nocovidchest_94.dcm
../data/COVID-CT-master/Images-processed/CT_NonCOVID/22%1.jpg,0,../data/dicom_ct/no_covid/nocovidchest_95.dcm
../data/COVID-CT-master/Images-processed/CT_NonCOVID/67%1.jpg,0,../data/dicom_ct/no_covid/nocovidchest_96.dcm
../data/COVID-CT-master/Images-processed/CT_NonCOVID/5%5.jpg,0,../data/dicom_ct/no_covid/nocovidchest_97.dcm
../data/COVID-CT-master/Images-processed/CT_NonCOVID/65%3.jpg,0,../data/dicom_ct/no_covid/nocovidchest_98.dcm
../data/COVID-CT-master/Images-processed/CT_NonCOVID/921.png,0,../data/dicom_ct/no_covid/nocovidchest_99.dcm
../data/COVID-CT-master/Images-processed/CT_NonCOVID/706.png,0,../data/dicom_ct/no_covid/nocovidchest_100.dcm
../data/COVID-CT-master/Images-processed/CT_NonCOVID/1331.png,0,../data/dicom_ct/no_covid/nocovidchest_101.dcm
../data/COVID-CT-master/Images-processed/CT_NonCOVID/83%0.jpg,0,../data/dicom_ct/no_covid/nocovidchest_102.dcm
../data/COVID-CT-master/Images-processed/CT_NonCOVID/63%5.jpg,0,../data/dicom_ct/no_covid/nocovidchest_103.dcm
../data/COVID-CT-master/Images-processed/CT_NonCOVID/15.png,0,../data/dicom_ct/no_covid/nocovidchest_104.dcm
../data/COVID-CT-master/Images-processed/CT_NonCOVID/1%1.jpg,0,../data/dicom_ct/no_covid/nocovidchest_105.dcm
../data/COVID-CT-master/Images-processed/CT_NonCOVID/672.png,0,../data/dicom_ct/no_covid/nocovidchest_106.dcm
../data/COVID-CT-master/Images-processed/CT_NonCOVID/114.png,0,../data/dicom_ct/no_covid/nocovidchest_107.dcm
../data/COVID-CT-master/Images-processed/CT_NonCOVID/81%2.jpg,0,../data/dicom_ct/no_covid/nocovidchest_108.dcm
../data/COVID-CT-master/Images-processed/CT_NonCOVID/39%2.jpg,0,../data/dicom_ct/no_covid/nocovidchest_109.dcm
../data/COVID-CT-master/Images-processed/CT_NonCOVID/39%0.jpg,0,../data/dicom_ct/no_covid/nocovidchest_110.dcm
../data/COVID-CT-master/Images-processed/CT_NonCOVID/1858.png,0,../data/dicom_ct/no_covid/nocovidchest_111.dcm
../data/COVID-CT-master/Images-processed/CT_NonCOVID/81%0.jpg,0,../data/dicom_ct/no_covid/nocovidchest_112.dcm
../data/COVID-CT-master/Images-processed/CT_NonCOVID/658.png,0,../data/dicom_ct/no_covid/nocovidchest_113.dcm
../data/COVID-CT-master/Images-processed/CT_NonCOVID/102.png,0,../data/dicom_ct/no_covid/nocovidchest_114.dcm
../data/COVID-CT-master/Images-processed/CT_NonCOVID/116.png,0,../data/dicom_ct/no_covid/nocovidchest_115.dcm
../data/COVID-CT-master/Images-processed/CT_NonCOVID/63%7.jpg,0,../data/dicom_ct/no_covid/nocovidchest_116.dcm
../data/COVID-CT-master/Images-processed/CT_NonCOVID/1333.png,0,../data/dicom_ct/no_covid/nocovidchest_117.dcm
../data/COVID-CT-master/Images-processed/CT_NonCOVID/83%2.jpg,0,../data/dicom_ct/no_covid/nocovidchest_118.dcm
../data/COVID-CT-master/Images-processed/CT_NonCOVID/704.png,0,../data/dicom_ct/no_covid/nocovidchest_119.dcm
../data/COVID-CT-master/Images-processed/CT_NonCOVID/43%2.jpg,0,../data/dicom_ct/no_covid/nocovidchest_120.dcm
../data/COVID-CT-master/Images-processed/CT_NonCOVID/65%1.jpg,0,../data/dicom_ct/no_covid/nocovidchest_121.dcm
../data/COVID-CT-master/Images-processed/CT_NonCOVID/5%7.jpg,0,../data/dicom_ct/no_covid/nocovidchest_122.dcm
../data/COVID-CT-master/Images-processed/CT_NonCOVID/1079.png,0,../data/dicom_ct/no_covid/nocovidchest_123.dcm
../data/COVID-CT-master/Images-processed/CT_NonCOVID/1050.png,0,../data/dicom_ct/no_covid/nocovidchest_124.dcm
../data/COVID-CT-master/Images-processed/CT_NonCOVID/67%2.jpg,0,../data/dicom_ct/no_covid/nocovidchest_125.dcm
../data/COVID-CT-master/Images-processed/CT_NonCOVID/1078.png,0,../data/dicom_ct/no_covid/nocovidchest_126.dcm
../data/COVID-CT-master/Images-processed/CT_NonCOVID/1093.png,0,../data/dicom_ct/no_covid/nocovidchest_127.dcm
../data/COVID-CT-master/Images-processed/CT_NonCOVID/5%6.jpg,0,../data/dicom_ct/no_covid/nocovidchest_128.dcm
../data/COVID-CT-master/Images-processed/CT_NonCOVID/65%0.jpg,0,../data/dicom_ct/no_covid/nocovidchest_129.dcm
../data/COVID-CT-master/Images-processed/CT_NonCOVID/43%3.jpg,0,../data/dicom_ct/no_covid/nocovidchest_130.dcm
../data/COVID-CT-master/Images-processed/CT_NonCOVID/705.png,0,../data/dicom_ct/no_covid/nocovidchest_131.dcm
../data/COVID-CT-master/Images-processed/CT_NonCOVID/83%3.jpg,0,../data/dicom_ct/no_covid/nocovidchest_132.dcm
../data/COVID-CT-master/Images-processed/CT_NonCOVID/1332.png,0,../data/dicom_ct/no_covid/nocovidchest_133.dcm
../data/COVID-CT-master/Images-processed/CT_NonCOVID/63%6.jpg,0,../data/dicom_ct/no_covid/nocovidchest_134.dcm
../data/COVID-CT-master/Images-processed/CT_NonCOVID/117.png,0,../data/dicom_ct/no_covid/nocovidchest_135.dcm
../data/COVID-CT-master/Images-processed/CT_NonCOVID/1%2.jpg,0,../data/dicom_ct/no_covid/nocovidchest_136.dcm
../data/COVID-CT-master/Images-processed/CT_NonCOVID/103.png,0,../data/dicom_ct/no_covid/nocovidchest_137.dcm
../data/COVID-CT-master/Images-processed/CT_NonCOVID/1497.png,0,../data/dicom_ct/no_covid/nocovidchest_138.dcm
../data/COVID-CT-master/Images-processed/CT_NonCOVID/1124.png,0,../data/dicom_ct/no_covid/nocovidchest_139.dcm
../data/COVID-CT-master/Images-processed/CT_NonCOVID/81%1.jpg,0,../data/dicom_ct/no_covid/nocovidchest_140.dcm
../data/COVID-CT-master/Images-processed/CT_NonCOVID/1859.png,0,../data/dicom_ct/no_covid/nocovidchest_141.dcm
../data/COVID-CT-master/Images-processed/CT_NonCOVID/39%1.jpg,0,../data/dicom_ct/no_covid/nocovidchest_142.dcm
../data/COVID-CT-master/Images-processed/CT_NonCOVID/16.jpg,0,../data/dicom_ct/no_covid/nocovidchest_143.dcm
../data/COVID-CT-master/Images-processed/CT_NonCOVID/12.jpg,0,../data/dicom_ct/no_covid/nocovidchest_144.dcm
../data/COVID-CT-master/Images-processed/CT_NonCOVID/39%5.jpg,0,../data/dicom_ct/no_covid/nocovidchest_145.dcm
../data/COVID-CT-master/Images-processed/CT_NonCOVID/661.png,0,../data/dicom_ct/no_covid/nocovidchest_146.dcm
../data/COVID-CT-master/Images-processed/CT_NonCOVID/1336.png,0,../data/dicom_ct/no_covid/nocovidchest_147.dcm
../data/COVID-CT-master/Images-processed/CT_NonCOVID/63%2.jpg,0,../data/dicom_ct/no_covid/nocovidchest_148.dcm
../data/COVID-CT-master/Images-processed/CT_NonCOVID/26%2.jpg,0,../data/dicom_ct/no_covid/nocovidchest_149.dcm
../data/COVID-CT-master/Images-processed/CT_NonCOVID/85%1.jpg,0,../data/dicom_ct/no_covid/nocovidchest_150.dcm
../data/COVID-CT-master/Images-processed/CT_NonCOVID/2039.png,0,../data/dicom_ct/no_covid/nocovidchest_151.dcm
../data/COVID-CT-master/Images-processed/CT_NonCOVID/65%4.jpg,0,../data/dicom_ct/no_covid/nocovidchest_152.dcm
../data/COVID-CT-master/Images-processed/CT_NonCOVID/5%2.jpg,0,../data/dicom_ct/no_covid/nocovidchest_153.dcm
../data/COVID-CT-master/Images-processed/CT_NonCOVID/19%0.jpg,0,../data/dicom_ct/no_covid/nocovidchest_154.dcm
../data/COVID-CT-master/Images-processed/CT_NonCOVID/19%1.jpg,0,../data/dicom_ct/no_covid/nocovidchest_155.dcm
../data/COVID-CT-master/Images-processed/CT_NonCOVID/5%3.jpg,0,../data/dicom_ct/no_covid/nocovidchest_156.dcm
../data/COVID-CT-master/Images-processed/CT_NonCOVID/85%0.jpg,0,../data/dicom_ct/no_covid/nocovidchest_157.dcm
../data/COVID-CT-master/Images-processed/CT_NonCOVID/63%3.jpg,0,../data/dicom_ct/no_covid/nocovidchest_158.dcm
../data/COVID-CT-master/Images-processed/CT_NonCOVID/26%3.jpg,0,../data/dicom_ct/no_covid/nocovidchest_159.dcm
../data/COVID-CT-master/Images-processed/CT_NonCOVID/890.png,0,../data/dicom_ct/no_covid/nocovidchest_160.dcm
../data/COVID-CT-master/Images-processed/CT_NonCOVID/112.png,0,../data/dicom_ct/no_covid/nocovidchest_161.dcm
../data/COVID-CT-master/Images-processed/CT_NonCOVID/660.png,0,../data/dicom_ct/no_covid/nocovidchest_162.dcm
../data/COVID-CT-master/Images-processed/CT_NonCOVID/39%4.jpg,0,../data/dicom_ct/no_covid/nocovidchest_163.dcm
../data/COVID-CT-master/Images-processed/CT_NonCOVID/13.jpg,0,../data/dicom_ct/no_covid/nocovidchest_164.dcm
../data/COVID-CT-master/Images-processed/CT_NonCOVID/1876.png,0,../data/dicom_ct/no_covid/nocovidchest_165.dcm
../data/COVID-CT-master/Images-processed/CT_NonCOVID/39%6.jpg,0,../data/dicom_ct/no_covid/nocovidchest_166.dcm
../data/COVID-CT-master/Images-processed/CT_NonCOVID/1123.png,0,../data/dicom_ct/no_covid/nocovidchest_167.dcm
../data/COVID-CT-master/Images-processed/CT_NonCOVID/1889.png,0,../data/dicom_ct/no_covid/nocovidchest_168.dcm
../data/COVID-CT-master/Images-processed/CT_NonCOVID/662.png,0,../data/dicom_ct/no_covid/nocovidchest_169.dcm
../data/COVID-CT-master/Images-processed/CT_NonCOVID/104.png,0,../data/dicom_ct/no_covid/nocovidchest_170.dcm
../data/COVID-CT-master/Images-processed/CT_NonCOVID/1335.png,0,../data/dicom_ct/no_covid/nocovidchest_171.dcm
../data/COVID-CT-master/Images-processed/CT_NonCOVID/26%1.jpg,0,../data/dicom_ct/no_covid/nocovidchest_172.dcm
../data/COVID-CT-master/Images-processed/CT_NonCOVID/1309.png,0,../data/dicom_ct/no_covid/nocovidchest_173.dcm
../data/COVID-CT-master/Images-processed/CT_NonCOVID/63%1.jpg,0,../data/dicom_ct/no_covid/nocovidchest_174.dcm
../data/COVID-CT-master/Images-processed/CT_NonCOVID/5%1.jpg,0,../data/dicom_ct/no_covid/nocovidchest_175.dcm
../data/COVID-CT-master/Images-processed/CT_NonCOVID/1094.png,0,../data/dicom_ct/no_covid/nocovidchest_176.dcm
../data/COVID-CT-master/Images-processed/CT_NonCOVID/5%0.jpg,0,../data/dicom_ct/no_covid/nocovidchest_177.dcm
../data/COVID-CT-master/Images-processed/CT_NonCOVID/2007.png,0,../data/dicom_ct/no_covid/nocovidchest_178.dcm
../data/COVID-CT-master/Images-processed/CT_NonCOVID/1240.png,0,../data/dicom_ct/no_covid/nocovidchest_179.dcm
../data/COVID-CT-master/Images-processed/CT_NonCOVID/1297.png,0,../data/dicom_ct/no_covid/nocovidchest_180.dcm
../data/COVID-CT-master/Images-processed/CT_NonCOVID/1308.png,0,../data/dicom_ct/no_covid/nocovidchest_181.dcm
../data/COVID-CT-master/Images-processed/CT_NonCOVID/26%0.jpg,0,../data/dicom_ct/no_covid/nocovidchest_182.dcm
../data/COVID-CT-master/Images-processed/CT_NonCOVID/63%0.jpg,0,../data/dicom_ct/no_covid/nocovidchest_183.dcm
../data/COVID-CT-master/Images-processed/CT_NonCOVID/887.png,0,../data/dicom_ct/no_covid/nocovidchest_184.dcm
../data/COVID-CT-master/Images-processed/CT_NonCOVID/663.png,0,../data/dicom_ct/no_covid/nocovidchest_185.dcm
../data/COVID-CT-master/Images-processed/CT_NonCOVID/1888.png,0,../data/dicom_ct/no_covid/nocovidchest_186.dcm
../data/COVID-CT-master/Images-processed/CT_NonCOVID/1877.png,0,../data/dicom_ct/no_covid/nocovidchest_187.dcm
../data/COVID-CT-master/Images-processed/CT_NonCOVID/39%7.jpg,0,../data/dicom_ct/no_covid/nocovidchest_188.dcm
../data/COVID-CT-master/Images-processed/CT_NonCOVID/1846.png,0,../data/dicom_ct/no_covid/nocovidchest_189.dcm
../data/COVID-CT-master/Images-processed/CT_NonCOVID/487.png,0,../data/dicom_ct/no_covid/nocovidchest_190.dcm
../data/COVID-CT-master/Images-processed/CT_NonCOVID/120.png,0,../data/dicom_ct/no_covid/nocovidchest_191.dcm
../data/COVID-CT-master/Images-processed/CT_NonCOVID/2142.png,0,../data/dicom_ct/no_covid/nocovidchest_192.dcm
../data/COVID-CT-master/Images-processed/CT_NonCOVID/849.png,0,../data/dicom_ct/no_covid/nocovidchest_193.dcm
../data/COVID-CT-master/Images-processed/CT_NonCOVID/1305.png,0,../data/dicom_ct/no_covid/nocovidchest_194.dcm
../data/COVID-CT-master/Images-processed/CT_NonCOVID/1463.png,0,../data/dicom_ct/no_covid/nocovidchest_195.dcm
../data/COVID-CT-master/Images-processed/CT_NonCOVID/76%1.jpg,0,../data/dicom_ct/no_covid/nocovidchest_196.dcm
../data/COVID-CT-master/Images-processed/CT_NonCOVID/33%1.jpg,0,../data/dicom_ct/no_covid/nocovidchest_197.dcm
../data/COVID-CT-master/Images-processed/CT_NonCOVID/15%2.jpg,0,../data/dicom_ct/no_covid/nocovidchest_198.dcm
../data/COVID-CT-master/Images-processed/CT_NonCOVID/1098.png,0,../data/dicom_ct/no_covid/nocovidchest_199.dcm
../data/COVID-CT-master/Images-processed/CT_NonCOVID/89%3.jpg,0,../data/dicom_ct/no_covid/nocovidchest_200.dcm
../data/COVID-CT-master/Images-processed/CT_NonCOVID/52%0.jpg,0,../data/dicom_ct/no_covid/nocovidchest_201.dcm
../data/COVID-CT-master/Images-processed/CT_NonCOVID/17%0.jpg,0,../data/dicom_ct/no_covid/nocovidchest_202.dcm
../data/COVID-CT-master/Images-processed/CT_NonCOVID/52%1.jpg,0,../data/dicom_ct/no_covid/nocovidchest_203.dcm
../data/COVID-CT-master/Images-processed/CT_NonCOVID/294.png,0,../data/dicom_ct/no_covid/nocovidchest_204.dcm
../data/COVID-CT-master/Images-processed/CT_NonCOVID/17%1.jpg,0,../data/dicom_ct/no_covid/nocovidchest_205.dcm
../data/COVID-CT-master/Images-processed/CT_NonCOVID/1072.png,0,../data/dicom_ct/no_covid/nocovidchest_206.dcm
../data/COVID-CT-master/Images-processed/CT_NonCOVID/89%2.jpg,0,../data/dicom_ct/no_covid/nocovidchest_207.dcm
../data/COVID-CT-master/Images-processed/CT_NonCOVID/1099.png,0,../data/dicom_ct/no_covid/nocovidchest_208.dcm
../data/COVID-CT-master/Images-processed/CT_NonCOVID/15%3.jpg,0,../data/dicom_ct/no_covid/nocovidchest_209.dcm
../data/COVID-CT-master/Images-processed/CT_NonCOVID/1264.png,0,../data/dicom_ct/no_covid/nocovidchest_210.dcm
../data/COVID-CT-master/Images-processed/CT_NonCOVID/76%0.jpg,0,../data/dicom_ct/no_covid/nocovidchest_211.dcm
../data/COVID-CT-master/Images-processed/CT_NonCOVID/33%0.jpg,0,../data/dicom_ct/no_covid/nocovidchest_212.dcm
../data/COVID-CT-master/Images-processed/CT_NonCOVID/1310.png,0,../data/dicom_ct/no_covid/nocovidchest_213.dcm
../data/COVID-CT-master/Images-processed/CT_NonCOVID/848.png,0,../data/dicom_ct/no_covid/nocovidchest_214.dcm
../data/COVID-CT-master/Images-processed/CT_NonCOVID/2143.png,0,../data/dicom_ct/no_covid/nocovidchest_215.dcm
../data/COVID-CT-master/Images-processed/CT_NonCOVID/486.png,0,../data/dicom_ct/no_covid/nocovidchest_216.dcm
../data/COVID-CT-master/Images-processed/CT_NonCOVID/37%4.jpg,0,../data/dicom_ct/no_covid/nocovidchest_217.dcm
../data/COVID-CT-master/Images-processed/CT_NonCOVID/2341.png,0,../data/dicom_ct/no_covid/nocovidchest_218.dcm
../data/COVID-CT-master/Images-processed/CT_NonCOVID/34.jpg,0,../data/dicom_ct/no_covid/nocovidchest_219.dcm
../data/COVID-CT-master/Images-processed/CT_NonCOVID/20.jpg,0,../data/dicom_ct/no_covid/nocovidchest_220.dcm
../data/COVID-CT-master/Images-processed/CT_NonCOVID/1845.png,0,../data/dicom_ct/no_covid/nocovidchest_221.dcm
../data/COVID-CT-master/Images-processed/CT_NonCOVID/49%0.jpg,0,../data/dicom_ct/no_covid/nocovidchest_222.dcm
../data/COVID-CT-master/Images-processed/CT_NonCOVID/889.png,0,../data/dicom_ct/no_covid/nocovidchest_223.dcm
../data/COVID-CT-master/Images-processed/CT_NonCOVID/2141.png,0,../data/dicom_ct/no_covid/nocovidchest_224.dcm
../data/COVID-CT-master/Images-processed/CT_NonCOVID/1312.png,0,../data/dicom_ct/no_covid/nocovidchest_225.dcm
../data/COVID-CT-master/Images-processed/CT_NonCOVID/1306.png,0,../data/dicom_ct/no_covid/nocovidchest_226.dcm
../data/COVID-CT-master/Images-processed/CT_NonCOVID/1500.png,0,../data/dicom_ct/no_covid/nocovidchest_227.dcm
../data/COVID-CT-master/Images-processed/CT_NonCOVID/15%1.jpg,0,../data/dicom_ct/no_covid/nocovidchest_228.dcm
../data/COVID-CT-master/Images-processed/CT_NonCOVID/76%2.jpg,0,../data/dicom_ct/no_covid/nocovidchest_229.dcm
../data/COVID-CT-master/Images-processed/CT_NonCOVID/1919.png,0,../data/dicom_ct/no_covid/nocovidchest_230.dcm
../data/COVID-CT-master/Images-processed/CT_NonCOVID/2237.png,0,../data/dicom_ct/no_covid/nocovidchest_231.dcm
../data/COVID-CT-master/Images-processed/CT_NonCOVID/1058.png,0,../data/dicom_ct/no_covid/nocovidchest_232.dcm
../data/COVID-CT-master/Images-processed/CT_NonCOVID/1702.png,0,../data/dicom_ct/no_covid/nocovidchest_233.dcm
../data/COVID-CT-master/Images-processed/CT_NonCOVID/1070.png,0,../data/dicom_ct/no_covid/nocovidchest_234.dcm
../data/COVID-CT-master/Images-processed/CT_NonCOVID/1071.png,0,../data/dicom_ct/no_covid/nocovidchest_235.dcm
../data/COVID-CT-master/Images-processed/CT_NonCOVID/1065.png,0,../data/dicom_ct/no_covid/nocovidchest_236.dcm
../data/COVID-CT-master/Images-processed/CT_NonCOVID/1059.png,0,../data/dicom_ct/no_covid/nocovidchest_237.dcm
../data/COVID-CT-master/Images-processed/CT_NonCOVID/1924.png,0,../data/dicom_ct/no_covid/nocovidchest_238.dcm
../data/COVID-CT-master/Images-processed/CT_NonCOVID/15%0.jpg,0,../data/dicom_ct/no_covid/nocovidchest_239.dcm
../data/COVID-CT-master/Images-processed/CT_NonCOVID/1501.png,0,../data/dicom_ct/no_covid/nocovidchest_240.dcm
../data/COVID-CT-master/Images-processed/CT_NonCOVID/1298.png,0,../data/dicom_ct/no_covid/nocovidchest_241.dcm
../data/COVID-CT-master/Images-processed/CT_NonCOVID/1307.png,0,../data/dicom_ct/no_covid/nocovidchest_242.dcm
../data/COVID-CT-master/Images-processed/CT_NonCOVID/1313.png,0,../data/dicom_ct/no_covid/nocovidchest_243.dcm
../data/COVID-CT-master/Images-processed/CT_NonCOVID/23.png,0,../data/dicom_ct/no_covid/nocovidchest_244.dcm
../data/COVID-CT-master/Images-processed/CT_NonCOVID/2140.png,0,../data/dicom_ct/no_covid/nocovidchest_245.dcm
../data/COVID-CT-master/Images-processed/CT_NonCOVID/452.png,0,../data/dicom_ct/no_covid/nocovidchest_246.dcm
../data/COVID-CT-master/Images-processed/CT_NonCOVID/39%8.jpg,0,../data/dicom_ct/no_covid/nocovidchest_247.dcm
../data/COVID-CT-master/Images-processed/CT_NonCOVID/49%1.jpg,0,../data/dicom_ct/no_covid/nocovidchest_248.dcm
../data/COVID-CT-master/Images-processed/CT_NonCOVID/1868.png,0,../data/dicom_ct/no_covid/nocovidchest_249.dcm
../data/COVID-CT-master/Images-processed/CT_NonCOVID/27.jpg,0,../data/dicom_ct/no_covid/nocovidchest_250.dcm
../data/COVID-CT-master/Images-processed/CT_NonCOVID/1115.png,0,../data/dicom_ct/no_covid/nocovidchest_251.dcm
../data/COVID-CT-master/Images-processed/CT_NonCOVID/37%3.jpg,0,../data/dicom_ct/no_covid/nocovidchest_252.dcm
../data/COVID-CT-master/Images-processed/CT_NonCOVID/54%0.jpg,0,../data/dicom_ct/no_covid/nocovidchest_253.dcm
../data/COVID-CT-master/Images-processed/CT_NonCOVID/11%0.jpg,0,../data/dicom_ct/no_covid/nocovidchest_254.dcm
../data/COVID-CT-master/Images-processed/CT_NonCOVID/1101.png,0,../data/dicom_ct/no_covid/nocovidchest_255.dcm
../data/COVID-CT-master/Images-processed/CT_NonCOVID/70%1.jpg,0,../data/dicom_ct/no_covid/nocovidchest_256.dcm
../data/COVID-CT-master/Images-processed/CT_NonCOVID/35%1.jpg,0,../data/dicom_ct/no_covid/nocovidchest_257.dcm
../data/COVID-CT-master/Images-processed/CT_NonCOVID/2144.png,0,../data/dicom_ct/no_covid/nocovidchest_258.dcm
../data/COVID-CT-master/Images-processed/CT_NonCOVID/33.png,0,../data/dicom_ct/no_covid/nocovidchest_259.dcm
../data/COVID-CT-master/Images-processed/CT_NonCOVID/1263.png,0,../data/dicom_ct/no_covid/nocovidchest_260.dcm
../data/COVID-CT-master/Images-processed/CT_NonCOVID/1277.png,0,../data/dicom_ct/no_covid/nocovidchest_261.dcm
../data/COVID-CT-master/Images-processed/CT_NonCOVID/69%0.jpg,0,../data/dicom_ct/no_covid/nocovidchest_262.dcm
../data/COVID-CT-master/Images-processed/CT_NonCOVID/1920.png,0,../data/dicom_ct/no_covid/nocovidchest_263.dcm
../data/COVID-CT-master/Images-processed/CT_NonCOVID/1061.png,0,../data/dicom_ct/no_covid/nocovidchest_264.dcm
../data/COVID-CT-master/Images-processed/CT_NonCOVID/1049.png,0,../data/dicom_ct/no_covid/nocovidchest_265.dcm
../data/COVID-CT-master/Images-processed/CT_NonCOVID/1048.png,0,../data/dicom_ct/no_covid/nocovidchest_266.dcm
../data/COVID-CT-master/Images-processed/CT_NonCOVID/1060.png,0,../data/dicom_ct/no_covid/nocovidchest_267.dcm
../data/COVID-CT-master/Images-processed/CT_NonCOVID/1921.png,0,../data/dicom_ct/no_covid/nocovidchest_268.dcm
../data/COVID-CT-master/Images-processed/CT_NonCOVID/69%1.jpg,0,../data/dicom_ct/no_covid/nocovidchest_269.dcm
../data/COVID-CT-master/Images-processed/CT_NonCOVID/1262.png,0,../data/dicom_ct/no_covid/nocovidchest_270.dcm
../data/COVID-CT-master/Images-processed/CT_NonCOVID/709.png,0,../data/dicom_ct/no_covid/nocovidchest_271.dcm
../data/COVID-CT-master/Images-processed/CT_NonCOVID/2145.png,0,../data/dicom_ct/no_covid/nocovidchest_272.dcm
../data/COVID-CT-master/Images-processed/CT_NonCOVID/26.png,0,../data/dicom_ct/no_covid/nocovidchest_273.dcm
../data/COVID-CT-master/Images-processed/CT_NonCOVID/70%0.jpg,0,../data/dicom_ct/no_covid/nocovidchest_274.dcm
../data/COVID-CT-master/Images-processed/CT_NonCOVID/35%0.jpg,0,../data/dicom_ct/no_covid/nocovidchest_275.dcm
../data/COVID-CT-master/Images-processed/CT_NonCOVID/54%1.jpg,0,../data/dicom_ct/no_covid/nocovidchest_276.dcm
../data/COVID-CT-master/Images-processed/CT_NonCOVID/1100.png,0,../data/dicom_ct/no_covid/nocovidchest_277.dcm
../data/COVID-CT-master/Images-processed/CT_NonCOVID/11%1.jpg,0,../data/dicom_ct/no_covid/nocovidchest_278.dcm
../data/COVID-CT-master/Images-processed/CT_NonCOVID/37%2.jpg,0,../data/dicom_ct/no_covid/nocovidchest_279.dcm
../data/COVID-CT-master/Images-processed/CT_NonCOVID/1857.png,0,../data/dicom_ct/no_covid/nocovidchest_280.dcm
../data/COVID-CT-master/Images-processed/CT_NonCOVID/54%3.jpg,0,../data/dicom_ct/no_covid/nocovidchest_281.dcm
../data/COVID-CT-master/Images-processed/CT_NonCOVID/37%0.jpg,0,../data/dicom_ct/no_covid/nocovidchest_282.dcm
../data/COVID-CT-master/Images-processed/CT_NonCOVID/1499.png,0,../data/dicom_ct/no_covid/nocovidchest_283.dcm
../data/COVID-CT-master/Images-processed/CT_NonCOVID/56%1.jpg,0,../data/dicom_ct/no_covid/nocovidchest_284.dcm
../data/COVID-CT-master/Images-processed/CT_NonCOVID/35%2.jpg,0,../data/dicom_ct/no_covid/nocovidchest_285.dcm
../data/COVID-CT-master/Images-processed/CT_NonCOVID/1328.png,0,../data/dicom_ct/no_covid/nocovidchest_286.dcm
../data/COVID-CT-master/Images-processed/CT_NonCOVID/24.png,0,../data/dicom_ct/no_covid/nocovidchest_287.dcm
../data/COVID-CT-master/Images-processed/CT_NonCOVID/1923.png,0,../data/dicom_ct/no_covid/nocovidchest_288.dcm
../data/COVID-CT-master/Images-processed/CT_NonCOVID/1062.png,0,../data/dicom_ct/no_covid/nocovidchest_289.dcm
../data/COVID-CT-master/Images-processed/CT_NonCOVID/1922.png,0,../data/dicom_ct/no_covid/nocovidchest_290.dcm
../data/COVID-CT-master/Images-processed/CT_NonCOVID/1261.png,0,../data/dicom_ct/no_covid/nocovidchest_291.dcm
../data/COVID-CT-master/Images-processed/CT_NonCOVID/25.png,0,../data/dicom_ct/no_covid/nocovidchest_292.dcm
../data/COVID-CT-master/Images-processed/CT_NonCOVID/56%0.jpg,0,../data/dicom_ct/no_covid/nocovidchest_293.dcm
../data/COVID-CT-master/Images-processed/CT_NonCOVID/118.png,0,../data/dicom_ct/no_covid/nocovidchest_294.dcm
../data/COVID-CT-master/Images-processed/CT_NonCOVID/1498.png,0,../data/dicom_ct/no_covid/nocovidchest_295.dcm
../data/COVID-CT-master/Images-processed/CT_NonCOVID/37%1.jpg,0,../data/dicom_ct/no_covid/nocovidchest_296.dcm
../data/COVID-CT-master/Images-processed/CT_NonCOVID/11%2.jpg,0,../data/dicom_ct/no_covid/nocovidchest_297.dcm
../data/COVID-CT-master/Images-processed/CT_NonCOVID/54%2.jpg,0,../data/dicom_ct/no_covid/nocovidchest_298.dcm
../data/COVID-CT-master/Images-processed/CT_NonCOVID/31.jpg,0,../data/dicom_ct/no_covid/nocovidchest_299.dcm
../data/COVID-CT-master/Images-processed/CT_NonCOVID/42.jpg,0,../data/dicom_ct/no_covid/nocovidchest_300.dcm
../data/COVID-CT-master/Images-processed/CT_NonCOVID/1164.png,0,../data/dicom_ct/no_covid/nocovidchest_301.dcm
../data/COVID-CT-master/Images-processed/CT_NonCOVID/30%0.jpg,0,../data/dicom_ct/no_covid/nocovidchest_302.dcm
../data/COVID-CT-master/Images-processed/CT_NonCOVID/382.png,0,../data/dicom_ct/no_covid/nocovidchest_303.dcm
../data/COVID-CT-master/Images-processed/CT_NonCOVID/75%0.jpg,0,../data/dicom_ct/no_covid/nocovidchest_304.dcm
../data/COVID-CT-master/Images-processed/CT_NonCOVID/81.png,0,../data/dicom_ct/no_covid/nocovidchest_305.dcm
../data/COVID-CT-master/Images-processed/CT_NonCOVID/1428.png,0,../data/dicom_ct/no_covid/nocovidchest_306.dcm
../data/COVID-CT-master/Images-processed/CT_NonCOVID/14%1.jpg,0,../data/dicom_ct/no_covid/nocovidchest_307.dcm
../data/COVID-CT-master/Images-processed/CT_NonCOVID/51%1.jpg,0,../data/dicom_ct/no_covid/nocovidchest_308.dcm
../data/COVID-CT-master/Images-processed/CT_NonCOVID/29%1.jpg,0,../data/dicom_ct/no_covid/nocovidchest_309.dcm
../data/COVID-CT-master/Images-processed/CT_NonCOVID/2041.png,0,../data/dicom_ct/no_covid/nocovidchest_310.dcm
../data/COVID-CT-master/Images-processed/CT_NonCOVID/91%1.jpg,0,../data/dicom_ct/no_covid/nocovidchest_311.dcm
../data/COVID-CT-master/Images-processed/CT_NonCOVID/1212.png,0,../data/dicom_ct/no_covid/nocovidchest_312.dcm
../data/COVID-CT-master/Images-processed/CT_NonCOVID/584.png,0,../data/dicom_ct/no_covid/nocovidchest_313.dcm
../data/COVID-CT-master/Images-processed/CT_NonCOVID/590.png,0,../data/dicom_ct/no_covid/nocovidchest_314.dcm
../data/COVID-CT-master/Images-processed/CT_NonCOVID/591.png,0,../data/dicom_ct/no_covid/nocovidchest_315.dcm
../data/COVID-CT-master/Images-processed/CT_NonCOVID/585.png,0,../data/dicom_ct/no_covid/nocovidchest_316.dcm
../data/COVID-CT-master/Images-processed/CT_NonCOVID/1561.png,0,../data/dicom_ct/no_covid/nocovidchest_317.dcm
../data/COVID-CT-master/Images-processed/CT_NonCOVID/1575.png,0,../data/dicom_ct/no_covid/nocovidchest_318.dcm
../data/COVID-CT-master/Images-processed/CT_NonCOVID/1213.png,0,../data/dicom_ct/no_covid/nocovidchest_319.dcm
../data/COVID-CT-master/Images-processed/CT_NonCOVID/91%0.jpg,0,../data/dicom_ct/no_covid/nocovidchest_320.dcm
../data/COVID-CT-master/Images-processed/CT_NonCOVID/2040.png,0,../data/dicom_ct/no_covid/nocovidchest_321.dcm
../data/COVID-CT-master/Images-processed/CT_NonCOVID/29%0.jpg,0,../data/dicom_ct/no_covid/nocovidchest_322.dcm
../data/COVID-CT-master/Images-processed/CT_NonCOVID/2108.png,0,../data/dicom_ct/no_covid/nocovidchest_323.dcm
../data/COVID-CT-master/Images-processed/CT_NonCOVID/14%0.jpg,0,../data/dicom_ct/no_covid/nocovidchest_324.dcm
../data/COVID-CT-master/Images-processed/CT_NonCOVID/51%0.jpg,0,../data/dicom_ct/no_covid/nocovidchest_325.dcm
../data/COVID-CT-master/Images-processed/CT_NonCOVID/43.png,0,../data/dicom_ct/no_covid/nocovidchest_326.dcm
../data/COVID-CT-master/Images-processed/CT_NonCOVID/30%1.jpg,0,../data/dicom_ct/no_covid/nocovidchest_327.dcm
../data/COVID-CT-master/Images-processed/CT_NonCOVID/383.png,0,../data/dicom_ct/no_covid/nocovidchest_328.dcm
../data/COVID-CT-master/Images-processed/CT_NonCOVID/75%1.jpg,0,../data/dicom_ct/no_covid/nocovidchest_329.dcm
../data/COVID-CT-master/Images-processed/CT_NonCOVID/354.png,0,../data/dicom_ct/no_covid/nocovidchest_330.dcm
../data/COVID-CT-master/Images-processed/CT_NonCOVID/7.jpg,0,../data/dicom_ct/no_covid/nocovidchest_331.dcm
../data/COVID-CT-master/Images-processed/CT_NonCOVID/41.jpg,0,../data/dicom_ct/no_covid/nocovidchest_332.dcm
../data/COVID-CT-master/Images-processed/CT_NonCOVID/381.png,0,../data/dicom_ct/no_covid/nocovidchest_333.dcm
../data/COVID-CT-master/Images-processed/CT_NonCOVID/30%3.jpg,0,../data/dicom_ct/no_covid/nocovidchest_334.dcm
../data/COVID-CT-master/Images-processed/CT_NonCOVID/82.png,0,../data/dicom_ct/no_covid/nocovidchest_335.dcm
../data/COVID-CT-master/Images-processed/CT_NonCOVID/32%1.jpg,0,../data/dicom_ct/no_covid/nocovidchest_336.dcm
../data/COVID-CT-master/Images-processed/CT_NonCOVID/51%2.jpg,0,../data/dicom_ct/no_covid/nocovidchest_337.dcm
../data/COVID-CT-master/Images-processed/CT_NonCOVID/14%2.jpg,0,../data/dicom_ct/no_covid/nocovidchest_338.dcm
../data/COVID-CT-master/Images-processed/CT_NonCOVID/29%2.jpg,0,../data/dicom_ct/no_covid/nocovidchest_339.dcm
../data/COVID-CT-master/Images-processed/CT_NonCOVID/1239.png,0,../data/dicom_ct/no_covid/nocovidchest_340.dcm
../data/COVID-CT-master/Images-processed/CT_NonCOVID/1211.png,0,../data/dicom_ct/no_covid/nocovidchest_341.dcm
../data/COVID-CT-master/Images-processed/CT_NonCOVID/1577.png,0,../data/dicom_ct/no_covid/nocovidchest_342.dcm
../data/COVID-CT-master/Images-processed/CT_NonCOVID/1952.png,0,../data/dicom_ct/no_covid/nocovidchest_343.dcm
../data/COVID-CT-master/Images-processed/CT_NonCOVID/578.png,0,../data/dicom_ct/no_covid/nocovidchest_344.dcm
../data/COVID-CT-master/Images-processed/CT_NonCOVID/587.png,0,../data/dicom_ct/no_covid/nocovidchest_345.dcm
../data/COVID-CT-master/Images-processed/CT_NonCOVID/586.png,0,../data/dicom_ct/no_covid/nocovidchest_346.dcm
../data/COVID-CT-master/Images-processed/CT_NonCOVID/592.png,0,../data/dicom_ct/no_covid/nocovidchest_347.dcm
../data/COVID-CT-master/Images-processed/CT_NonCOVID/579.png,0,../data/dicom_ct/no_covid/nocovidchest_348.dcm
../data/COVID-CT-master/Images-processed/CT_NonCOVID/1210.png,0,../data/dicom_ct/no_covid/nocovidchest_349.dcm
../data/COVID-CT-master/Images-processed/CT_NonCOVID/1576.png,0,../data/dicom_ct/no_covid/nocovidchest_350.dcm
../data/COVID-CT-master/Images-processed/CT_NonCOVID/1562.png,0,../data/dicom_ct/no_covid/nocovidchest_351.dcm
../data/COVID-CT-master/Images-processed/CT_NonCOVID/1238.png,0,../data/dicom_ct/no_covid/nocovidchest_352.dcm
../data/COVID-CT-master/Images-processed/CT_NonCOVID/29%3.jpg,0,../data/dicom_ct/no_covid/nocovidchest_353.dcm
../data/COVID-CT-master/Images-processed/CT_NonCOVID/753.png,0,../data/dicom_ct/no_covid/nocovidchest_354.dcm
../data/COVID-CT-master/Images-processed/CT_NonCOVID/51%3.jpg,0,../data/dicom_ct/no_covid/nocovidchest_355.dcm
../data/COVID-CT-master/Images-processed/CT_NonCOVID/14%3.jpg,0,../data/dicom_ct/no_covid/nocovidchest_356.dcm
../data/COVID-CT-master/Images-processed/CT_NonCOVID/32%0.jpg,0,../data/dicom_ct/no_covid/nocovidchest_357.dcm
../data/COVID-CT-master/Images-processed/CT_NonCOVID/30%2.jpg,0,../data/dicom_ct/no_covid/nocovidchest_358.dcm
../data/COVID-CT-master/Images-processed/CT_NonCOVID/68.jpg,0,../data/dicom_ct/no_covid/nocovidchest_359.dcm
../data/COVID-CT-master/Images-processed/CT_NonCOVID/78.jpg,0,../data/dicom_ct/no_covid/nocovidchest_360.dcm
../data/COVID-CT-master/Images-processed/CT_NonCOVID/50.jpg,0,../data/dicom_ct/no_covid/nocovidchest_361.dcm
../data/COVID-CT-master/Images-processed/CT_NonCOVID/1638.png,0,../data/dicom_ct/no_covid/nocovidchest_362.dcm
../data/COVID-CT-master/Images-processed/CT_NonCOVID/44.png,0,../data/dicom_ct/no_covid/nocovidchest_363.dcm
../data/COVID-CT-master/Images-processed/CT_NonCOVID/1214.png,0,../data/dicom_ct/no_covid/nocovidchest_364.dcm
../data/COVID-CT-master/Images-processed/CT_NonCOVID/227.png,0,../data/dicom_ct/no_covid/nocovidchest_365.dcm
../data/COVID-CT-master/Images-processed/CT_NonCOVID/36%0.jpg,0,../data/dicom_ct/no_covid/nocovidchest_366.dcm
../data/COVID-CT-master/Images-processed/CT_NonCOVID/36%1.jpg,0,../data/dicom_ct/no_covid/nocovidchest_367.dcm
../data/COVID-CT-master/Images-processed/CT_NonCOVID/583.png,0,../data/dicom_ct/no_covid/nocovidchest_368.dcm
../data/COVID-CT-master/Images-processed/CT_NonCOVID/10%2.jpg,0,../data/dicom_ct/no_covid/nocovidchest_369.dcm
../data/COVID-CT-master/Images-processed/CT_NonCOVID/226.png,0,../data/dicom_ct/no_covid/nocovidchest_370.dcm
../data/COVID-CT-master/Images-processed/CT_NonCOVID/781.png,0,../data/dicom_ct/no_covid/nocovidchest_371.dcm
../data/COVID-CT-master/Images-processed/CT_NonCOVID/1215.png,0,../data/dicom_ct/no_covid/nocovidchest_372.dcm
../data/COVID-CT-master/Images-processed/CT_NonCOVID/57%0.jpg,0,../data/dicom_ct/no_covid/nocovidchest_373.dcm
../data/COVID-CT-master/Images-processed/CT_NonCOVID/86.jpg,0,../data/dicom_ct/no_covid/nocovidchest_374.dcm
../data/COVID-CT-master/Images-processed/CT_NonCOVID/385.png,0,../data/dicom_ct/no_covid/nocovidchest_375.dcm
../data/COVID-CT-master/Images-processed/CT_NonCOVID/45.jpg,0,../data/dicom_ct/no_covid/nocovidchest_376.dcm
../data/COVID-CT-master/Images-processed/CT_NonCOVID/3.jpg,0,../data/dicom_ct/no_covid/nocovidchest_377.dcm
../data/COVID-CT-master/Images-processed/CT_NonCOVID/79.jpg,0,../data/dicom_ct/no_covid/nocovidchest_378.dcm
../data/COVID-CT-master/Images-processed/CT_NonCOVID/47.jpg,0,../data/dicom_ct/no_covid/nocovidchest_379.dcm
../data/COVID-CT-master/Images-processed/CT_NonCOVID/53.jpg,0,../data/dicom_ct/no_covid/nocovidchest_380.dcm
../data/COVID-CT-master/Images-processed/CT_NonCOVID/378.png,0,../data/dicom_ct/no_covid/nocovidchest_381.dcm
../data/COVID-CT-master/Images-processed/CT_NonCOVID/30%5.jpg,0,../data/dicom_ct/no_covid/nocovidchest_382.dcm
../data/COVID-CT-master/Images-processed/CT_NonCOVID/90.jpg,0,../data/dicom_ct/no_covid/nocovidchest_383.dcm
../data/COVID-CT-master/Images-processed/CT_NonCOVID/754.png,0,../data/dicom_ct/no_covid/nocovidchest_384.dcm
../data/COVID-CT-master/Images-processed/CT_NonCOVID/1217.png,0,../data/dicom_ct/no_covid/nocovidchest_385.dcm
../data/COVID-CT-master/Images-processed/CT_NonCOVID/71%1.jpg,0,../data/dicom_ct/no_covid/nocovidchest_386.dcm
../data/COVID-CT-master/Images-processed/CT_NonCOVID/10%0.jpg,0,../data/dicom_ct/no_covid/nocovidchest_387.dcm
../data/COVID-CT-master/Images-processed/CT_NonCOVID/1029.png,0,../data/dicom_ct/no_covid/nocovidchest_388.dcm
../data/COVID-CT-master/Images-processed/CT_NonCOVID/10%1.jpg,0,../data/dicom_ct/no_covid/nocovidchest_389.dcm
../data/COVID-CT-master/Images-processed/CT_NonCOVID/580.png,0,../data/dicom_ct/no_covid/nocovidchest_390.dcm
../data/COVID-CT-master/Images-processed/CT_NonCOVID/782.png,0,../data/dicom_ct/no_covid/nocovidchest_391.dcm
../data/COVID-CT-master/Images-processed/CT_NonCOVID/1216.png,0,../data/dicom_ct/no_covid/nocovidchest_392.dcm
../data/COVID-CT-master/Images-processed/CT_NonCOVID/71%0.jpg,0,../data/dicom_ct/no_covid/nocovidchest_393.dcm
../data/COVID-CT-master/Images-processed/CT_NonCOVID/30%4.jpg,0,../data/dicom_ct/no_covid/nocovidchest_394.dcm
../data/COVID-CT-master/Images-processed/CT_NonCOVID/0.jpg,0,../data/dicom_ct/no_covid/nocovidchest_395.dcm
../data/COVID-CT-master/Images-processed/CT_NonCOVID/46.jpg,0,../data/dicom_ct/no_covid/nocovidchest_396.dcm
